accession_code,accession,lga,pot_id,pot,reading,plant_id,week,trait,trait_label,value,pvfta1
1,Kura1,Kura,1a,a,1,1a-r1,2,LB,Leaf breadth (cm),5,Not genotyped
1,Kura1,Kura,1a,a,1,1a-r1,2,LL,Leaf length (cm),9.5,Not genotyped
1,Kura1,Kura,1a,a,1,1a-r1,2,NB,Number of branches,1,Not genotyped
1,Kura1,Kura,1a,a,1,1a-r1,2,NL,Number of leaves,23,Not genotyped
1,Kura1,Kura,1a,a,1,1a-r1,2,PH,Plant height (cm),27.7,Not genotyped
1,Kura1,Kura,1a,a,1,1a-r1,2,SD,Stem diameter,NA,Not genotyped
1,Kura1,Kura,1a,a,1,1a-r1,3,LB,Leaf breadth (cm),5.2,Not genotyped
1,Kura1,Kura,1a,a,1,1a-r1,3,LL,Leaf length (cm),9.6,Not genotyped
1,Kura1,Kura,1a,a,1,1a-r1,3,NB,Number of branches,2,Not genotyped
1,Kura1,Kura,1a,a,1,1a-r1,3,NL,Number of leaves,35,Not genotyped
1,Kura1,Kura,1a,a,1,1a-r1,3,PH,Plant height (cm),42,Not genotyped
1,Kura1,Kura,1a,a,1,1a-r1,3,SD,Stem diameter,NA,Not genotyped
1,Kura1,Kura,1a,a,1,1a-r1,4,LB,Leaf breadth (cm),5,Not genotyped
1,Kura1,Kura,1a,a,1,1a-r1,4,LL,Leaf length (cm),9.8,Not genotyped
1,Kura1,Kura,1a,a,1,1a-r1,4,NB,Number of branches,2,Not genotyped
1,Kura1,Kura,1a,a,1,1a-r1,4,NL,Number of leaves,34,Not genotyped
1,Kura1,Kura,1a,a,1,1a-r1,4,PH,Plant height (cm),59.5,Not genotyped
1,Kura1,Kura,1a,a,1,1a-r1,4,SD,Stem diameter,0.5,Not genotyped
1,Kura1,Kura,1a,a,1,1a-r1,5,LB,Leaf breadth (cm),5.8,Not genotyped
1,Kura1,Kura,1a,a,1,1a-r1,5,LL,Leaf length (cm),10,Not genotyped
1,Kura1,Kura,1a,a,1,1a-r1,5,NB,Number of branches,3,Not genotyped
1,Kura1,Kura,1a,a,1,1a-r1,5,NL,Number of leaves,58,Not genotyped
1,Kura1,Kura,1a,a,1,1a-r1,5,PH,Plant height (cm),75,Not genotyped
1,Kura1,Kura,1a,a,1,1a-r1,5,SD,Stem diameter,0.45,Not genotyped
1,Kura1,Kura,1a,a,1,1a-r1,6,LB,Leaf breadth (cm),5,Not genotyped
1,Kura1,Kura,1a,a,1,1a-r1,6,LL,Leaf length (cm),10.2,Not genotyped
1,Kura1,Kura,1a,a,1,1a-r1,6,NB,Number of branches,3,Not genotyped
1,Kura1,Kura,1a,a,1,1a-r1,6,NL,Number of leaves,50,Not genotyped
1,Kura1,Kura,1a,a,1,1a-r1,6,PH,Plant height (cm),162,Not genotyped
1,Kura1,Kura,1a,a,1,1a-r1,6,SD,Stem diameter,0.45,Not genotyped
1,Kura1,Kura,1a,a,2,1a-r2,2,LB,Leaf breadth (cm),4.7,Not genotyped
1,Kura1,Kura,1a,a,2,1a-r2,2,LL,Leaf length (cm),7,Not genotyped
1,Kura1,Kura,1a,a,2,1a-r2,2,NB,Number of branches,3,Not genotyped
1,Kura1,Kura,1a,a,2,1a-r2,2,NL,Number of leaves,49,Not genotyped
1,Kura1,Kura,1a,a,2,1a-r2,2,PH,Plant height (cm),120,Not genotyped
1,Kura1,Kura,1a,a,2,1a-r2,2,SD,Stem diameter,NA,Not genotyped
1,Kura1,Kura,1a,a,2,1a-r2,3,LB,Leaf breadth (cm),6.5,Not genotyped
1,Kura1,Kura,1a,a,2,1a-r2,3,LL,Leaf length (cm),9.5,Not genotyped
1,Kura1,Kura,1a,a,2,1a-r2,3,NB,Number of branches,3,Not genotyped
1,Kura1,Kura,1a,a,2,1a-r2,3,NL,Number of leaves,66,Not genotyped
1,Kura1,Kura,1a,a,2,1a-r2,3,PH,Plant height (cm),160,Not genotyped
1,Kura1,Kura,1a,a,2,1a-r2,3,SD,Stem diameter,3.7,Not genotyped
1,Kura1,Kura,1a,a,2,1a-r2,4,LB,Leaf breadth (cm),6.5,Not genotyped
1,Kura1,Kura,1a,a,2,1a-r2,4,LL,Leaf length (cm),10.4,Not genotyped
1,Kura1,Kura,1a,a,2,1a-r2,4,NB,Number of branches,3,Not genotyped
1,Kura1,Kura,1a,a,2,1a-r2,4,NL,Number of leaves,93,Not genotyped
1,Kura1,Kura,1a,a,2,1a-r2,4,PH,Plant height (cm),234,Not genotyped
1,Kura1,Kura,1a,a,2,1a-r2,4,SD,Stem diameter,3.6,Not genotyped
1,Kura1,Kura,1a,a,2,1a-r2,5,LB,Leaf breadth (cm),6.1,Not genotyped
1,Kura1,Kura,1a,a,2,1a-r2,5,LL,Leaf length (cm),9.4,Not genotyped
1,Kura1,Kura,1a,a,2,1a-r2,5,NB,Number of branches,3,Not genotyped
1,Kura1,Kura,1a,a,2,1a-r2,5,NL,Number of leaves,80,Not genotyped
1,Kura1,Kura,1a,a,2,1a-r2,5,PH,Plant height (cm),234,Not genotyped
1,Kura1,Kura,1a,a,2,1a-r2,5,SD,Stem diameter,3.6,Not genotyped
1,Kura1,Kura,1a,a,2,1a-r2,6,LB,Leaf breadth (cm),5.95,Not genotyped
1,Kura1,Kura,1a,a,2,1a-r2,6,LL,Leaf length (cm),8.5,Not genotyped
1,Kura1,Kura,1a,a,2,1a-r2,6,NB,Number of branches,3,Not genotyped
1,Kura1,Kura,1a,a,2,1a-r2,6,NL,Number of leaves,68,Not genotyped
1,Kura1,Kura,1a,a,2,1a-r2,6,PH,Plant height (cm),234,Not genotyped
1,Kura1,Kura,1a,a,2,1a-r2,6,SD,Stem diameter,3.6,Not genotyped
1,Kura1,Kura,1b,b,1,1b-r1,2,LB,Leaf breadth (cm),4.4,Not genotyped
1,Kura1,Kura,1b,b,1,1b-r1,2,LL,Leaf length (cm),7.9,Not genotyped
1,Kura1,Kura,1b,b,1,1b-r1,2,NB,Number of branches,NA,Not genotyped
1,Kura1,Kura,1b,b,1,1b-r1,2,NL,Number of leaves,23,Not genotyped
1,Kura1,Kura,1b,b,1,1b-r1,2,PH,Plant height (cm),20.3,Not genotyped
1,Kura1,Kura,1b,b,1,1b-r1,2,SD,Stem diameter,NA,Not genotyped
1,Kura1,Kura,1b,b,1,1b-r1,3,LB,Leaf breadth (cm),4.9,Not genotyped
1,Kura1,Kura,1b,b,1,1b-r1,3,LL,Leaf length (cm),8,Not genotyped
1,Kura1,Kura,1b,b,1,1b-r1,3,NB,Number of branches,NA,Not genotyped
1,Kura1,Kura,1b,b,1,1b-r1,3,NL,Number of leaves,28,Not genotyped
1,Kura1,Kura,1b,b,1,1b-r1,3,PH,Plant height (cm),24,Not genotyped
1,Kura1,Kura,1b,b,1,1b-r1,3,SD,Stem diameter,NA,Not genotyped
1,Kura1,Kura,1b,b,1,1b-r1,4,LB,Leaf breadth (cm),5.1,Not genotyped
1,Kura1,Kura,1b,b,1,1b-r1,4,LL,Leaf length (cm),8.2,Not genotyped
1,Kura1,Kura,1b,b,1,1b-r1,4,NB,Number of branches,NA,Not genotyped
1,Kura1,Kura,1b,b,1,1b-r1,4,NL,Number of leaves,29,Not genotyped
1,Kura1,Kura,1b,b,1,1b-r1,4,PH,Plant height (cm),38.6,Not genotyped
1,Kura1,Kura,1b,b,1,1b-r1,4,SD,Stem diameter,0.45,Not genotyped
1,Kura1,Kura,1b,b,1,1b-r1,5,LB,Leaf breadth (cm),5.1,Not genotyped
1,Kura1,Kura,1b,b,1,1b-r1,5,LL,Leaf length (cm),8.2,Not genotyped
1,Kura1,Kura,1b,b,1,1b-r1,5,NB,Number of branches,NA,Not genotyped
1,Kura1,Kura,1b,b,1,1b-r1,5,NL,Number of leaves,42,Not genotyped
1,Kura1,Kura,1b,b,1,1b-r1,5,PH,Plant height (cm),26,Not genotyped
1,Kura1,Kura,1b,b,1,1b-r1,5,SD,Stem diameter,0.5,Not genotyped
1,Kura1,Kura,1b,b,1,1b-r1,6,LB,Leaf breadth (cm),5,Not genotyped
1,Kura1,Kura,1b,b,1,1b-r1,6,LL,Leaf length (cm),8,Not genotyped
1,Kura1,Kura,1b,b,1,1b-r1,6,NB,Number of branches,NA,Not genotyped
1,Kura1,Kura,1b,b,1,1b-r1,6,NL,Number of leaves,50,Not genotyped
1,Kura1,Kura,1b,b,1,1b-r1,6,PH,Plant height (cm),27,Not genotyped
1,Kura1,Kura,1b,b,1,1b-r1,6,SD,Stem diameter,0.5,Not genotyped
1,Kura1,Kura,1b,b,2,1b-r2,2,LB,Leaf breadth (cm),4.9,Not genotyped
1,Kura1,Kura,1b,b,2,1b-r2,2,LL,Leaf length (cm),7.5,Not genotyped
1,Kura1,Kura,1b,b,2,1b-r2,2,NB,Number of branches,4,Not genotyped
1,Kura1,Kura,1b,b,2,1b-r2,2,NL,Number of leaves,40,Not genotyped
1,Kura1,Kura,1b,b,2,1b-r2,2,PH,Plant height (cm),79.5,Not genotyped
1,Kura1,Kura,1b,b,2,1b-r2,2,SD,Stem diameter,NA,Not genotyped
1,Kura1,Kura,1b,b,2,1b-r2,3,LB,Leaf breadth (cm),6.5,Not genotyped
1,Kura1,Kura,1b,b,2,1b-r2,3,LL,Leaf length (cm),7.8,Not genotyped
1,Kura1,Kura,1b,b,2,1b-r2,3,NB,Number of branches,4,Not genotyped
1,Kura1,Kura,1b,b,2,1b-r2,3,NL,Number of leaves,71,Not genotyped
1,Kura1,Kura,1b,b,2,1b-r2,3,PH,Plant height (cm),155,Not genotyped
1,Kura1,Kura,1b,b,2,1b-r2,3,SD,Stem diameter,3.6,Not genotyped
1,Kura1,Kura,1b,b,2,1b-r2,4,LB,Leaf breadth (cm),5.7,Not genotyped
1,Kura1,Kura,1b,b,2,1b-r2,4,LL,Leaf length (cm),7.5,Not genotyped
1,Kura1,Kura,1b,b,2,1b-r2,4,NB,Number of branches,4,Not genotyped
1,Kura1,Kura,1b,b,2,1b-r2,4,NL,Number of leaves,90,Not genotyped
1,Kura1,Kura,1b,b,2,1b-r2,4,PH,Plant height (cm),254,Not genotyped
1,Kura1,Kura,1b,b,2,1b-r2,4,SD,Stem diameter,3.8,Not genotyped
1,Kura1,Kura,1b,b,2,1b-r2,5,LB,Leaf breadth (cm),4.9,Not genotyped
1,Kura1,Kura,1b,b,2,1b-r2,5,LL,Leaf length (cm),7,Not genotyped
1,Kura1,Kura,1b,b,2,1b-r2,5,NB,Number of branches,4,Not genotyped
1,Kura1,Kura,1b,b,2,1b-r2,5,NL,Number of leaves,63,Not genotyped
1,Kura1,Kura,1b,b,2,1b-r2,5,PH,Plant height (cm),254,Not genotyped
1,Kura1,Kura,1b,b,2,1b-r2,5,SD,Stem diameter,3.8,Not genotyped
1,Kura1,Kura,1b,b,2,1b-r2,6,LB,Leaf breadth (cm),5.1,Not genotyped
1,Kura1,Kura,1b,b,2,1b-r2,6,LL,Leaf length (cm),6.6,Not genotyped
1,Kura1,Kura,1b,b,2,1b-r2,6,NB,Number of branches,4,Not genotyped
1,Kura1,Kura,1b,b,2,1b-r2,6,NL,Number of leaves,54,Not genotyped
1,Kura1,Kura,1b,b,2,1b-r2,6,PH,Plant height (cm),254,Not genotyped
1,Kura1,Kura,1b,b,2,1b-r2,6,SD,Stem diameter,3.8,Not genotyped
2,Danhassan2,Kura,2a,a,1,2a-r1,2,LB,Leaf breadth (cm),4.9,Amplified
2,Danhassan2,Kura,2a,a,1,2a-r1,2,LL,Leaf length (cm),7.3,Amplified
2,Danhassan2,Kura,2a,a,1,2a-r1,2,NB,Number of branches,NA,Amplified
2,Danhassan2,Kura,2a,a,1,2a-r1,2,NL,Number of leaves,20,Amplified
2,Danhassan2,Kura,2a,a,1,2a-r1,2,PH,Plant height (cm),22.2,Amplified
2,Danhassan2,Kura,2a,a,1,2a-r1,2,SD,Stem diameter,NA,Amplified
2,Danhassan2,Kura,2a,a,1,2a-r1,3,LB,Leaf breadth (cm),5.6,Amplified
2,Danhassan2,Kura,2a,a,1,2a-r1,3,LL,Leaf length (cm),8.9,Amplified
2,Danhassan2,Kura,2a,a,1,2a-r1,3,NB,Number of branches,NA,Amplified
2,Danhassan2,Kura,2a,a,1,2a-r1,3,NL,Number of leaves,23,Amplified
2,Danhassan2,Kura,2a,a,1,2a-r1,3,PH,Plant height (cm),24,Amplified
2,Danhassan2,Kura,2a,a,1,2a-r1,3,SD,Stem diameter,NA,Amplified
2,Danhassan2,Kura,2a,a,1,2a-r1,4,LB,Leaf breadth (cm),6.1,Amplified
2,Danhassan2,Kura,2a,a,1,2a-r1,4,LL,Leaf length (cm),8.9,Amplified
2,Danhassan2,Kura,2a,a,1,2a-r1,4,NB,Number of branches,NA,Amplified
2,Danhassan2,Kura,2a,a,1,2a-r1,4,NL,Number of leaves,25,Amplified
2,Danhassan2,Kura,2a,a,1,2a-r1,4,PH,Plant height (cm),35.1,Amplified
2,Danhassan2,Kura,2a,a,1,2a-r1,4,SD,Stem diameter,0.5,Amplified
2,Danhassan2,Kura,2a,a,1,2a-r1,5,LB,Leaf breadth (cm),4,Amplified
2,Danhassan2,Kura,2a,a,1,2a-r1,5,LL,Leaf length (cm),6,Amplified
2,Danhassan2,Kura,2a,a,1,2a-r1,5,NB,Number of branches,NA,Amplified
2,Danhassan2,Kura,2a,a,1,2a-r1,5,NL,Number of leaves,20,Amplified
2,Danhassan2,Kura,2a,a,1,2a-r1,5,PH,Plant height (cm),35,Amplified
2,Danhassan2,Kura,2a,a,1,2a-r1,5,SD,Stem diameter,0.51,Amplified
2,Danhassan2,Kura,2a,a,1,2a-r1,6,LB,Leaf breadth (cm),4.3,Amplified
2,Danhassan2,Kura,2a,a,1,2a-r1,6,LL,Leaf length (cm),6.4,Amplified
2,Danhassan2,Kura,2a,a,1,2a-r1,6,NB,Number of branches,NA,Amplified
2,Danhassan2,Kura,2a,a,1,2a-r1,6,NL,Number of leaves,32,Amplified
2,Danhassan2,Kura,2a,a,1,2a-r1,6,PH,Plant height (cm),30,Amplified
2,Danhassan2,Kura,2a,a,1,2a-r1,6,SD,Stem diameter,0.52,Amplified
2,Danhassan2,Kura,2a,a,2,2a-r2,2,LB,Leaf breadth (cm),6,Amplified
2,Danhassan2,Kura,2a,a,2,2a-r2,2,LL,Leaf length (cm),9.5,Amplified
2,Danhassan2,Kura,2a,a,2,2a-r2,2,NB,Number of branches,0,Amplified
2,Danhassan2,Kura,2a,a,2,2a-r2,2,NL,Number of leaves,24,Amplified
2,Danhassan2,Kura,2a,a,2,2a-r2,2,PH,Plant height (cm),36,Amplified
2,Danhassan2,Kura,2a,a,2,2a-r2,2,SD,Stem diameter,NA,Amplified
2,Danhassan2,Kura,2a,a,2,2a-r2,3,LB,Leaf breadth (cm),6.8,Amplified
2,Danhassan2,Kura,2a,a,2,2a-r2,3,LL,Leaf length (cm),9.5,Amplified
2,Danhassan2,Kura,2a,a,2,2a-r2,3,NB,Number of branches,2,Amplified
2,Danhassan2,Kura,2a,a,2,2a-r2,3,NL,Number of leaves,50,Amplified
2,Danhassan2,Kura,2a,a,2,2a-r2,3,PH,Plant height (cm),72,Amplified
2,Danhassan2,Kura,2a,a,2,2a-r2,3,SD,Stem diameter,3.6,Amplified
2,Danhassan2,Kura,2a,a,2,2a-r2,4,LB,Leaf breadth (cm),6.1,Amplified
2,Danhassan2,Kura,2a,a,2,2a-r2,4,LL,Leaf length (cm),9.3,Amplified
2,Danhassan2,Kura,2a,a,2,2a-r2,4,NB,Number of branches,2,Amplified
2,Danhassan2,Kura,2a,a,2,2a-r2,4,NL,Number of leaves,68,Amplified
2,Danhassan2,Kura,2a,a,2,2a-r2,4,PH,Plant height (cm),133,Amplified
2,Danhassan2,Kura,2a,a,2,2a-r2,4,SD,Stem diameter,3.5,Amplified
2,Danhassan2,Kura,2a,a,2,2a-r2,5,LB,Leaf breadth (cm),6.7,Amplified
2,Danhassan2,Kura,2a,a,2,2a-r2,5,LL,Leaf length (cm),9.7,Amplified
2,Danhassan2,Kura,2a,a,2,2a-r2,5,NB,Number of branches,2,Amplified
2,Danhassan2,Kura,2a,a,2,2a-r2,5,NL,Number of leaves,49,Amplified
2,Danhassan2,Kura,2a,a,2,2a-r2,5,PH,Plant height (cm),133,Amplified
2,Danhassan2,Kura,2a,a,2,2a-r2,5,SD,Stem diameter,3.5,Amplified
2,Danhassan2,Kura,2a,a,2,2a-r2,6,LB,Leaf breadth (cm),7,Amplified
2,Danhassan2,Kura,2a,a,2,2a-r2,6,LL,Leaf length (cm),10,Amplified
2,Danhassan2,Kura,2a,a,2,2a-r2,6,NB,Number of branches,2,Amplified
2,Danhassan2,Kura,2a,a,2,2a-r2,6,NL,Number of leaves,42,Amplified
2,Danhassan2,Kura,2a,a,2,2a-r2,6,PH,Plant height (cm),133,Amplified
2,Danhassan2,Kura,2a,a,2,2a-r2,6,SD,Stem diameter,3.5,Amplified
2,Danhassan2,Kura,2b,b,1,2b-r1,2,LB,Leaf breadth (cm),5.3,Amplified
2,Danhassan2,Kura,2b,b,1,2b-r1,2,LL,Leaf length (cm),12.4,Amplified
2,Danhassan2,Kura,2b,b,1,2b-r1,2,NB,Number of branches,2,Amplified
2,Danhassan2,Kura,2b,b,1,2b-r1,2,NL,Number of leaves,22,Amplified
2,Danhassan2,Kura,2b,b,1,2b-r1,2,PH,Plant height (cm),25.4,Amplified
2,Danhassan2,Kura,2b,b,1,2b-r1,2,SD,Stem diameter,NA,Amplified
2,Danhassan2,Kura,2b,b,1,2b-r1,3,LB,Leaf breadth (cm),6,Amplified
2,Danhassan2,Kura,2b,b,1,2b-r1,3,LL,Leaf length (cm),12.5,Amplified
2,Danhassan2,Kura,2b,b,1,2b-r1,3,NB,Number of branches,2,Amplified
2,Danhassan2,Kura,2b,b,1,2b-r1,3,NL,Number of leaves,26,Amplified
2,Danhassan2,Kura,2b,b,1,2b-r1,3,PH,Plant height (cm),26,Amplified
2,Danhassan2,Kura,2b,b,1,2b-r1,3,SD,Stem diameter,NA,Amplified
2,Danhassan2,Kura,2b,b,1,2b-r1,4,LB,Leaf breadth (cm),6.2,Amplified
2,Danhassan2,Kura,2b,b,1,2b-r1,4,LL,Leaf length (cm),12.5,Amplified
2,Danhassan2,Kura,2b,b,1,2b-r1,4,NB,Number of branches,2,Amplified
2,Danhassan2,Kura,2b,b,1,2b-r1,4,NL,Number of leaves,36,Amplified
2,Danhassan2,Kura,2b,b,1,2b-r1,4,PH,Plant height (cm),62.1,Amplified
2,Danhassan2,Kura,2b,b,1,2b-r1,4,SD,Stem diameter,0.5,Amplified
2,Danhassan2,Kura,2b,b,1,2b-r1,5,LB,Leaf breadth (cm),6,Amplified
2,Danhassan2,Kura,2b,b,1,2b-r1,5,LL,Leaf length (cm),9.8,Amplified
2,Danhassan2,Kura,2b,b,1,2b-r1,5,NB,Number of branches,3,Amplified
2,Danhassan2,Kura,2b,b,1,2b-r1,5,NL,Number of leaves,89,Amplified
2,Danhassan2,Kura,2b,b,1,2b-r1,5,PH,Plant height (cm),26,Amplified
2,Danhassan2,Kura,2b,b,1,2b-r1,5,SD,Stem diameter,0.65,Amplified
2,Danhassan2,Kura,2b,b,1,2b-r1,6,LB,Leaf breadth (cm),5.9,Amplified
2,Danhassan2,Kura,2b,b,1,2b-r1,6,LL,Leaf length (cm),9,Amplified
2,Danhassan2,Kura,2b,b,1,2b-r1,6,NB,Number of branches,3,Amplified
2,Danhassan2,Kura,2b,b,1,2b-r1,6,NL,Number of leaves,88,Amplified
2,Danhassan2,Kura,2b,b,1,2b-r1,6,PH,Plant height (cm),103,Amplified
2,Danhassan2,Kura,2b,b,1,2b-r1,6,SD,Stem diameter,0.65,Amplified
2,Danhassan2,Kura,2b,b,2,2b-r2,2,LB,Leaf breadth (cm),7,Amplified
2,Danhassan2,Kura,2b,b,2,2b-r2,2,LL,Leaf length (cm),9.6,Amplified
2,Danhassan2,Kura,2b,b,2,2b-r2,2,NB,Number of branches,3,Amplified
2,Danhassan2,Kura,2b,b,2,2b-r2,2,NL,Number of leaves,38,Amplified
2,Danhassan2,Kura,2b,b,2,2b-r2,2,PH,Plant height (cm),30,Amplified
2,Danhassan2,Kura,2b,b,2,2b-r2,2,SD,Stem diameter,NA,Amplified
2,Danhassan2,Kura,2b,b,2,2b-r2,3,LB,Leaf breadth (cm),6.6,Amplified
2,Danhassan2,Kura,2b,b,2,2b-r2,3,LL,Leaf length (cm),9.5,Amplified
2,Danhassan2,Kura,2b,b,2,2b-r2,3,NB,Number of branches,4,Amplified
2,Danhassan2,Kura,2b,b,2,2b-r2,3,NL,Number of leaves,49,Amplified
2,Danhassan2,Kura,2b,b,2,2b-r2,3,PH,Plant height (cm),120,Amplified
2,Danhassan2,Kura,2b,b,2,2b-r2,3,SD,Stem diameter,4,Amplified
2,Danhassan2,Kura,2b,b,2,2b-r2,4,LB,Leaf breadth (cm),6.2,Amplified
2,Danhassan2,Kura,2b,b,2,2b-r2,4,LL,Leaf length (cm),8,Amplified
2,Danhassan2,Kura,2b,b,2,2b-r2,4,NB,Number of branches,4,Amplified
2,Danhassan2,Kura,2b,b,2,2b-r2,4,NL,Number of leaves,63,Amplified
2,Danhassan2,Kura,2b,b,2,2b-r2,4,PH,Plant height (cm),140,Amplified
2,Danhassan2,Kura,2b,b,2,2b-r2,4,SD,Stem diameter,3.8,Amplified
2,Danhassan2,Kura,2b,b,2,2b-r2,5,LB,Leaf breadth (cm),6,Amplified
2,Danhassan2,Kura,2b,b,2,2b-r2,5,LL,Leaf length (cm),8.5,Amplified
2,Danhassan2,Kura,2b,b,2,2b-r2,5,NB,Number of branches,4,Amplified
2,Danhassan2,Kura,2b,b,2,2b-r2,5,NL,Number of leaves,76,Amplified
2,Danhassan2,Kura,2b,b,2,2b-r2,5,PH,Plant height (cm),140,Amplified
2,Danhassan2,Kura,2b,b,2,2b-r2,5,SD,Stem diameter,3.95,Amplified
2,Danhassan2,Kura,2b,b,2,2b-r2,6,LB,Leaf breadth (cm),6.2,Amplified
2,Danhassan2,Kura,2b,b,2,2b-r2,6,LL,Leaf length (cm),8.8,Amplified
2,Danhassan2,Kura,2b,b,2,2b-r2,6,NB,Number of branches,4,Amplified
2,Danhassan2,Kura,2b,b,2,2b-r2,6,NL,Number of leaves,84,Amplified
2,Danhassan2,Kura,2b,b,2,2b-r2,6,PH,Plant height (cm),140,Amplified
2,Danhassan2,Kura,2b,b,2,2b-r2,6,SD,Stem diameter,3.95,Amplified
3,Kumbotso3,Kumbotso,3a,a,1,3a-r1,2,LB,Leaf breadth (cm),4.7,Amplified
3,Kumbotso3,Kumbotso,3a,a,1,3a-r1,2,LL,Leaf length (cm),9.3,Amplified
3,Kumbotso3,Kumbotso,3a,a,1,3a-r1,2,NB,Number of branches,2,Amplified
3,Kumbotso3,Kumbotso,3a,a,1,3a-r1,2,NL,Number of leaves,25,Amplified
3,Kumbotso3,Kumbotso,3a,a,1,3a-r1,2,PH,Plant height (cm),25.6,Amplified
3,Kumbotso3,Kumbotso,3a,a,1,3a-r1,2,SD,Stem diameter,NA,Amplified
3,Kumbotso3,Kumbotso,3a,a,1,3a-r1,3,LB,Leaf breadth (cm),6.8,Amplified
3,Kumbotso3,Kumbotso,3a,a,1,3a-r1,3,LL,Leaf length (cm),9.3,Amplified
3,Kumbotso3,Kumbotso,3a,a,1,3a-r1,3,NB,Number of branches,1,Amplified
3,Kumbotso3,Kumbotso,3a,a,1,3a-r1,3,NL,Number of leaves,38,Amplified
3,Kumbotso3,Kumbotso,3a,a,1,3a-r1,3,PH,Plant height (cm),72,Amplified
3,Kumbotso3,Kumbotso,3a,a,1,3a-r1,3,SD,Stem diameter,NA,Amplified
3,Kumbotso3,Kumbotso,3a,a,1,3a-r1,4,LB,Leaf breadth (cm),6.8,Amplified
3,Kumbotso3,Kumbotso,3a,a,1,3a-r1,4,LL,Leaf length (cm),9.5,Amplified
3,Kumbotso3,Kumbotso,3a,a,1,3a-r1,4,NB,Number of branches,2,Amplified
3,Kumbotso3,Kumbotso,3a,a,1,3a-r1,4,NL,Number of leaves,45,Amplified
3,Kumbotso3,Kumbotso,3a,a,1,3a-r1,4,PH,Plant height (cm),149,Amplified
3,Kumbotso3,Kumbotso,3a,a,1,3a-r1,4,SD,Stem diameter,0.55,Amplified
3,Kumbotso3,Kumbotso,3a,a,1,3a-r1,5,LB,Leaf breadth (cm),6.5,Amplified
3,Kumbotso3,Kumbotso,3a,a,1,3a-r1,5,LL,Leaf length (cm),7.6,Amplified
3,Kumbotso3,Kumbotso,3a,a,1,3a-r1,5,NB,Number of branches,2,Amplified
3,Kumbotso3,Kumbotso,3a,a,1,3a-r1,5,NL,Number of leaves,89,Amplified
3,Kumbotso3,Kumbotso,3a,a,1,3a-r1,5,PH,Plant height (cm),158,Amplified
3,Kumbotso3,Kumbotso,3a,a,1,3a-r1,5,SD,Stem diameter,0.45,Amplified
3,Kumbotso3,Kumbotso,3a,a,1,3a-r1,6,LB,Leaf breadth (cm),5.6,Amplified
3,Kumbotso3,Kumbotso,3a,a,1,3a-r1,6,LL,Leaf length (cm),7.9,Amplified
3,Kumbotso3,Kumbotso,3a,a,1,3a-r1,6,NB,Number of branches,2,Amplified
3,Kumbotso3,Kumbotso,3a,a,1,3a-r1,6,NL,Number of leaves,80,Amplified
3,Kumbotso3,Kumbotso,3a,a,1,3a-r1,6,PH,Plant height (cm),130,Amplified
3,Kumbotso3,Kumbotso,3a,a,1,3a-r1,6,SD,Stem diameter,0.46,Amplified
3,Kumbotso3,Kumbotso,3a,a,2,3a-r2,2,LB,Leaf breadth (cm),NA,Amplified
3,Kumbotso3,Kumbotso,3a,a,2,3a-r2,2,LL,Leaf length (cm),NA,Amplified
3,Kumbotso3,Kumbotso,3a,a,2,3a-r2,2,NB,Number of branches,0,Amplified
3,Kumbotso3,Kumbotso,3a,a,2,3a-r2,2,NL,Number of leaves,NA,Amplified
3,Kumbotso3,Kumbotso,3a,a,2,3a-r2,2,PH,Plant height (cm),NA,Amplified
3,Kumbotso3,Kumbotso,3a,a,2,3a-r2,2,SD,Stem diameter,NA,Amplified
3,Kumbotso3,Kumbotso,3a,a,2,3a-r2,3,LB,Leaf breadth (cm),NA,Amplified
3,Kumbotso3,Kumbotso,3a,a,2,3a-r2,3,LL,Leaf length (cm),NA,Amplified
3,Kumbotso3,Kumbotso,3a,a,2,3a-r2,3,NB,Number of branches,0,Amplified
3,Kumbotso3,Kumbotso,3a,a,2,3a-r2,3,NL,Number of leaves,NA,Amplified
3,Kumbotso3,Kumbotso,3a,a,2,3a-r2,3,PH,Plant height (cm),NA,Amplified
3,Kumbotso3,Kumbotso,3a,a,2,3a-r2,3,SD,Stem diameter,NA,Amplified
3,Kumbotso3,Kumbotso,3a,a,2,3a-r2,4,LB,Leaf breadth (cm),NA,Amplified
3,Kumbotso3,Kumbotso,3a,a,2,3a-r2,4,LL,Leaf length (cm),NA,Amplified
3,Kumbotso3,Kumbotso,3a,a,2,3a-r2,4,NB,Number of branches,0,Amplified
3,Kumbotso3,Kumbotso,3a,a,2,3a-r2,4,NL,Number of leaves,NA,Amplified
3,Kumbotso3,Kumbotso,3a,a,2,3a-r2,4,PH,Plant height (cm),NA,Amplified
3,Kumbotso3,Kumbotso,3a,a,2,3a-r2,4,SD,Stem diameter,NA,Amplified
3,Kumbotso3,Kumbotso,3a,a,2,3a-r2,5,LB,Leaf breadth (cm),NA,Amplified
3,Kumbotso3,Kumbotso,3a,a,2,3a-r2,5,LL,Leaf length (cm),NA,Amplified
3,Kumbotso3,Kumbotso,3a,a,2,3a-r2,5,NB,Number of branches,0,Amplified
3,Kumbotso3,Kumbotso,3a,a,2,3a-r2,5,NL,Number of leaves,NA,Amplified
3,Kumbotso3,Kumbotso,3a,a,2,3a-r2,5,PH,Plant height (cm),NA,Amplified
3,Kumbotso3,Kumbotso,3a,a,2,3a-r2,5,SD,Stem diameter,NA,Amplified
3,Kumbotso3,Kumbotso,3a,a,2,3a-r2,6,LB,Leaf breadth (cm),NA,Amplified
3,Kumbotso3,Kumbotso,3a,a,2,3a-r2,6,LL,Leaf length (cm),NA,Amplified
3,Kumbotso3,Kumbotso,3a,a,2,3a-r2,6,NB,Number of branches,0,Amplified
3,Kumbotso3,Kumbotso,3a,a,2,3a-r2,6,NL,Number of leaves,NA,Amplified
3,Kumbotso3,Kumbotso,3a,a,2,3a-r2,6,PH,Plant height (cm),NA,Amplified
3,Kumbotso3,Kumbotso,3a,a,2,3a-r2,6,SD,Stem diameter,NA,Amplified
3,Kumbotso3,Kumbotso,3b,b,1,3b-r1,2,LB,Leaf breadth (cm),4.7,Amplified
3,Kumbotso3,Kumbotso,3b,b,1,3b-r1,2,LL,Leaf length (cm),7.9,Amplified
3,Kumbotso3,Kumbotso,3b,b,1,3b-r1,2,NB,Number of branches,2,Amplified
3,Kumbotso3,Kumbotso,3b,b,1,3b-r1,2,NL,Number of leaves,29,Amplified
3,Kumbotso3,Kumbotso,3b,b,1,3b-r1,2,PH,Plant height (cm),15.4,Amplified
3,Kumbotso3,Kumbotso,3b,b,1,3b-r1,2,SD,Stem diameter,NA,Amplified
3,Kumbotso3,Kumbotso,3b,b,1,3b-r1,3,LB,Leaf breadth (cm),5.9,Amplified
3,Kumbotso3,Kumbotso,3b,b,1,3b-r1,3,LL,Leaf length (cm),10.3,Amplified
3,Kumbotso3,Kumbotso,3b,b,1,3b-r1,3,NB,Number of branches,2,Amplified
3,Kumbotso3,Kumbotso,3b,b,1,3b-r1,3,NL,Number of leaves,32,Amplified
3,Kumbotso3,Kumbotso,3b,b,1,3b-r1,3,PH,Plant height (cm),69.2,Amplified
3,Kumbotso3,Kumbotso,3b,b,1,3b-r1,3,SD,Stem diameter,NA,Amplified
3,Kumbotso3,Kumbotso,3b,b,1,3b-r1,4,LB,Leaf breadth (cm),6.3,Amplified
3,Kumbotso3,Kumbotso,3b,b,1,3b-r1,4,LL,Leaf length (cm),10.5,Amplified
3,Kumbotso3,Kumbotso,3b,b,1,3b-r1,4,NB,Number of branches,3,Amplified
3,Kumbotso3,Kumbotso,3b,b,1,3b-r1,4,NL,Number of leaves,34,Amplified
3,Kumbotso3,Kumbotso,3b,b,1,3b-r1,4,PH,Plant height (cm),69.8,Amplified
3,Kumbotso3,Kumbotso,3b,b,1,3b-r1,4,SD,Stem diameter,0.5,Amplified
3,Kumbotso3,Kumbotso,3b,b,1,3b-r1,5,LB,Leaf breadth (cm),5.5,Amplified
3,Kumbotso3,Kumbotso,3b,b,1,3b-r1,5,LL,Leaf length (cm),8.3,Amplified
3,Kumbotso3,Kumbotso,3b,b,1,3b-r1,5,NB,Number of branches,2,Amplified
3,Kumbotso3,Kumbotso,3b,b,1,3b-r1,5,NL,Number of leaves,38,Amplified
3,Kumbotso3,Kumbotso,3b,b,1,3b-r1,5,PH,Plant height (cm),60,Amplified
3,Kumbotso3,Kumbotso,3b,b,1,3b-r1,5,SD,Stem diameter,0.6,Amplified
3,Kumbotso3,Kumbotso,3b,b,1,3b-r1,6,LB,Leaf breadth (cm),5.7,Amplified
3,Kumbotso3,Kumbotso,3b,b,1,3b-r1,6,LL,Leaf length (cm),8.3,Amplified
3,Kumbotso3,Kumbotso,3b,b,1,3b-r1,6,NB,Number of branches,2,Amplified
3,Kumbotso3,Kumbotso,3b,b,1,3b-r1,6,NL,Number of leaves,40,Amplified
3,Kumbotso3,Kumbotso,3b,b,1,3b-r1,6,PH,Plant height (cm),66,Amplified
3,Kumbotso3,Kumbotso,3b,b,1,3b-r1,6,SD,Stem diameter,0.61,Amplified
3,Kumbotso3,Kumbotso,3b,b,2,3b-r2,2,LB,Leaf breadth (cm),5.6,Amplified
3,Kumbotso3,Kumbotso,3b,b,2,3b-r2,2,LL,Leaf length (cm),10,Amplified
3,Kumbotso3,Kumbotso,3b,b,2,3b-r2,2,NB,Number of branches,0,Amplified
3,Kumbotso3,Kumbotso,3b,b,2,3b-r2,2,NL,Number of leaves,13,Amplified
3,Kumbotso3,Kumbotso,3b,b,2,3b-r2,2,PH,Plant height (cm),21.5,Amplified
3,Kumbotso3,Kumbotso,3b,b,2,3b-r2,2,SD,Stem diameter,NA,Amplified
3,Kumbotso3,Kumbotso,3b,b,2,3b-r2,3,LB,Leaf breadth (cm),5.5,Amplified
3,Kumbotso3,Kumbotso,3b,b,2,3b-r2,3,LL,Leaf length (cm),9.5,Amplified
3,Kumbotso3,Kumbotso,3b,b,2,3b-r2,3,NB,Number of branches,1,Amplified
3,Kumbotso3,Kumbotso,3b,b,2,3b-r2,3,NL,Number of leaves,39,Amplified
3,Kumbotso3,Kumbotso,3b,b,2,3b-r2,3,PH,Plant height (cm),85,Amplified
3,Kumbotso3,Kumbotso,3b,b,2,3b-r2,3,SD,Stem diameter,3.6,Amplified
3,Kumbotso3,Kumbotso,3b,b,2,3b-r2,4,LB,Leaf breadth (cm),5.1,Amplified
3,Kumbotso3,Kumbotso,3b,b,2,3b-r2,4,LL,Leaf length (cm),11.7,Amplified
3,Kumbotso3,Kumbotso,3b,b,2,3b-r2,4,NB,Number of branches,2,Amplified
3,Kumbotso3,Kumbotso,3b,b,2,3b-r2,4,NL,Number of leaves,26,Amplified
3,Kumbotso3,Kumbotso,3b,b,2,3b-r2,4,PH,Plant height (cm),141,Amplified
3,Kumbotso3,Kumbotso,3b,b,2,3b-r2,4,SD,Stem diameter,3.55,Amplified
3,Kumbotso3,Kumbotso,3b,b,2,3b-r2,5,LB,Leaf breadth (cm),5.5,Amplified
3,Kumbotso3,Kumbotso,3b,b,2,3b-r2,5,LL,Leaf length (cm),11.5,Amplified
3,Kumbotso3,Kumbotso,3b,b,2,3b-r2,5,NB,Number of branches,3,Amplified
3,Kumbotso3,Kumbotso,3b,b,2,3b-r2,5,NL,Number of leaves,43,Amplified
3,Kumbotso3,Kumbotso,3b,b,2,3b-r2,5,PH,Plant height (cm),195,Amplified
3,Kumbotso3,Kumbotso,3b,b,2,3b-r2,5,SD,Stem diameter,3.6,Amplified
3,Kumbotso3,Kumbotso,3b,b,2,3b-r2,6,LB,Leaf breadth (cm),5.3,Amplified
3,Kumbotso3,Kumbotso,3b,b,2,3b-r2,6,LL,Leaf length (cm),11.9,Amplified
3,Kumbotso3,Kumbotso,3b,b,2,3b-r2,6,NB,Number of branches,3,Amplified
3,Kumbotso3,Kumbotso,3b,b,2,3b-r2,6,NL,Number of leaves,43,Amplified
3,Kumbotso3,Kumbotso,3b,b,2,3b-r2,6,PH,Plant height (cm),214.5,Amplified
3,Kumbotso3,Kumbotso,3b,b,2,3b-r2,6,SD,Stem diameter,3.6,Amplified
4,Garu4,Kumbotso,4a,a,1,4a-r1,2,LB,Leaf breadth (cm),6.8,Not genotyped
4,Garu4,Kumbotso,4a,a,1,4a-r1,2,LL,Leaf length (cm),8.3,Not genotyped
4,Garu4,Kumbotso,4a,a,1,4a-r1,2,NB,Number of branches,2,Not genotyped
4,Garu4,Kumbotso,4a,a,1,4a-r1,2,NL,Number of leaves,26,Not genotyped
4,Garu4,Kumbotso,4a,a,1,4a-r1,2,PH,Plant height (cm),30,Not genotyped
4,Garu4,Kumbotso,4a,a,1,4a-r1,2,SD,Stem diameter,NA,Not genotyped
4,Garu4,Kumbotso,4a,a,1,4a-r1,3,LB,Leaf breadth (cm),8.1,Not genotyped
4,Garu4,Kumbotso,4a,a,1,4a-r1,3,LL,Leaf length (cm),9.8,Not genotyped
4,Garu4,Kumbotso,4a,a,1,4a-r1,3,NB,Number of branches,2,Not genotyped
4,Garu4,Kumbotso,4a,a,1,4a-r1,3,NL,Number of leaves,42,Not genotyped
4,Garu4,Kumbotso,4a,a,1,4a-r1,3,PH,Plant height (cm),63,Not genotyped
4,Garu4,Kumbotso,4a,a,1,4a-r1,3,SD,Stem diameter,NA,Not genotyped
4,Garu4,Kumbotso,4a,a,1,4a-r1,4,LB,Leaf breadth (cm),8.5,Not genotyped
4,Garu4,Kumbotso,4a,a,1,4a-r1,4,LL,Leaf length (cm),10.4,Not genotyped
4,Garu4,Kumbotso,4a,a,1,4a-r1,4,NB,Number of branches,2,Not genotyped
4,Garu4,Kumbotso,4a,a,1,4a-r1,4,NL,Number of leaves,60,Not genotyped
4,Garu4,Kumbotso,4a,a,1,4a-r1,4,PH,Plant height (cm),112.1,Not genotyped
4,Garu4,Kumbotso,4a,a,1,4a-r1,4,SD,Stem diameter,0.6,Not genotyped
4,Garu4,Kumbotso,4a,a,1,4a-r1,5,LB,Leaf breadth (cm),NA,Not genotyped
4,Garu4,Kumbotso,4a,a,1,4a-r1,5,LL,Leaf length (cm),NA,Not genotyped
4,Garu4,Kumbotso,4a,a,1,4a-r1,5,NB,Number of branches,2,Not genotyped
4,Garu4,Kumbotso,4a,a,1,4a-r1,5,NL,Number of leaves,69,Not genotyped
4,Garu4,Kumbotso,4a,a,1,4a-r1,5,PH,Plant height (cm),203,Not genotyped
4,Garu4,Kumbotso,4a,a,1,4a-r1,5,SD,Stem diameter,0.5,Not genotyped
4,Garu4,Kumbotso,4a,a,1,4a-r1,6,LB,Leaf breadth (cm),NA,Not genotyped
4,Garu4,Kumbotso,4a,a,1,4a-r1,6,LL,Leaf length (cm),NA,Not genotyped
4,Garu4,Kumbotso,4a,a,1,4a-r1,6,NB,Number of branches,2,Not genotyped
4,Garu4,Kumbotso,4a,a,1,4a-r1,6,NL,Number of leaves,78,Not genotyped
4,Garu4,Kumbotso,4a,a,1,4a-r1,6,PH,Plant height (cm),205,Not genotyped
4,Garu4,Kumbotso,4a,a,1,4a-r1,6,SD,Stem diameter,0.5,Not genotyped
4,Garu4,Kumbotso,4a,a,2,4a-r2,2,LB,Leaf breadth (cm),NA,Not genotyped
4,Garu4,Kumbotso,4a,a,2,4a-r2,2,LL,Leaf length (cm),NA,Not genotyped
4,Garu4,Kumbotso,4a,a,2,4a-r2,2,NB,Number of branches,0,Not genotyped
4,Garu4,Kumbotso,4a,a,2,4a-r2,2,NL,Number of leaves,NA,Not genotyped
4,Garu4,Kumbotso,4a,a,2,4a-r2,2,PH,Plant height (cm),NA,Not genotyped
4,Garu4,Kumbotso,4a,a,2,4a-r2,2,SD,Stem diameter,NA,Not genotyped
4,Garu4,Kumbotso,4a,a,2,4a-r2,3,LB,Leaf breadth (cm),NA,Not genotyped
4,Garu4,Kumbotso,4a,a,2,4a-r2,3,LL,Leaf length (cm),NA,Not genotyped
4,Garu4,Kumbotso,4a,a,2,4a-r2,3,NB,Number of branches,0,Not genotyped
4,Garu4,Kumbotso,4a,a,2,4a-r2,3,NL,Number of leaves,NA,Not genotyped
4,Garu4,Kumbotso,4a,a,2,4a-r2,3,PH,Plant height (cm),NA,Not genotyped
4,Garu4,Kumbotso,4a,a,2,4a-r2,3,SD,Stem diameter,NA,Not genotyped
4,Garu4,Kumbotso,4a,a,2,4a-r2,4,LB,Leaf breadth (cm),NA,Not genotyped
4,Garu4,Kumbotso,4a,a,2,4a-r2,4,LL,Leaf length (cm),NA,Not genotyped
4,Garu4,Kumbotso,4a,a,2,4a-r2,4,NB,Number of branches,0,Not genotyped
4,Garu4,Kumbotso,4a,a,2,4a-r2,4,NL,Number of leaves,NA,Not genotyped
4,Garu4,Kumbotso,4a,a,2,4a-r2,4,PH,Plant height (cm),NA,Not genotyped
4,Garu4,Kumbotso,4a,a,2,4a-r2,4,SD,Stem diameter,NA,Not genotyped
4,Garu4,Kumbotso,4a,a,2,4a-r2,5,LB,Leaf breadth (cm),NA,Not genotyped
4,Garu4,Kumbotso,4a,a,2,4a-r2,5,LL,Leaf length (cm),NA,Not genotyped
4,Garu4,Kumbotso,4a,a,2,4a-r2,5,NB,Number of branches,0,Not genotyped
4,Garu4,Kumbotso,4a,a,2,4a-r2,5,NL,Number of leaves,NA,Not genotyped
4,Garu4,Kumbotso,4a,a,2,4a-r2,5,PH,Plant height (cm),NA,Not genotyped
4,Garu4,Kumbotso,4a,a,2,4a-r2,5,SD,Stem diameter,NA,Not genotyped
4,Garu4,Kumbotso,4a,a,2,4a-r2,6,LB,Leaf breadth (cm),NA,Not genotyped
4,Garu4,Kumbotso,4a,a,2,4a-r2,6,LL,Leaf length (cm),NA,Not genotyped
4,Garu4,Kumbotso,4a,a,2,4a-r2,6,NB,Number of branches,0,Not genotyped
4,Garu4,Kumbotso,4a,a,2,4a-r2,6,NL,Number of leaves,NA,Not genotyped
4,Garu4,Kumbotso,4a,a,2,4a-r2,6,PH,Plant height (cm),NA,Not genotyped
4,Garu4,Kumbotso,4a,a,2,4a-r2,6,SD,Stem diameter,NA,Not genotyped
4,Garu4,Kumbotso,4b,b,1,4b-r1,2,LB,Leaf breadth (cm),3.1,Not genotyped
4,Garu4,Kumbotso,4b,b,1,4b-r1,2,LL,Leaf length (cm),6.5,Not genotyped
4,Garu4,Kumbotso,4b,b,1,4b-r1,2,NB,Number of branches,2,Not genotyped
4,Garu4,Kumbotso,4b,b,1,4b-r1,2,NL,Number of leaves,18,Not genotyped
4,Garu4,Kumbotso,4b,b,1,4b-r1,2,PH,Plant height (cm),22.3,Not genotyped
4,Garu4,Kumbotso,4b,b,1,4b-r1,2,SD,Stem diameter,NA,Not genotyped
4,Garu4,Kumbotso,4b,b,1,4b-r1,3,LB,Leaf breadth (cm),3.4,Not genotyped
4,Garu4,Kumbotso,4b,b,1,4b-r1,3,LL,Leaf length (cm),6.9,Not genotyped
4,Garu4,Kumbotso,4b,b,1,4b-r1,3,NB,Number of branches,2,Not genotyped
4,Garu4,Kumbotso,4b,b,1,4b-r1,3,NL,Number of leaves,20,Not genotyped
4,Garu4,Kumbotso,4b,b,1,4b-r1,3,PH,Plant height (cm),23,Not genotyped
4,Garu4,Kumbotso,4b,b,1,4b-r1,3,SD,Stem diameter,NA,Not genotyped
4,Garu4,Kumbotso,4b,b,1,4b-r1,4,LB,Leaf breadth (cm),4,Not genotyped
4,Garu4,Kumbotso,4b,b,1,4b-r1,4,LL,Leaf length (cm),7,Not genotyped
4,Garu4,Kumbotso,4b,b,1,4b-r1,4,NB,Number of branches,3,Not genotyped
4,Garu4,Kumbotso,4b,b,1,4b-r1,4,NL,Number of leaves,35,Not genotyped
4,Garu4,Kumbotso,4b,b,1,4b-r1,4,PH,Plant height (cm),24.1,Not genotyped
4,Garu4,Kumbotso,4b,b,1,4b-r1,4,SD,Stem diameter,0.5,Not genotyped
4,Garu4,Kumbotso,4b,b,1,4b-r1,5,LB,Leaf breadth (cm),5,Not genotyped
4,Garu4,Kumbotso,4b,b,1,4b-r1,5,LL,Leaf length (cm),8,Not genotyped
4,Garu4,Kumbotso,4b,b,1,4b-r1,5,NB,Number of branches,3,Not genotyped
4,Garu4,Kumbotso,4b,b,1,4b-r1,5,NL,Number of leaves,40,Not genotyped
4,Garu4,Kumbotso,4b,b,1,4b-r1,5,PH,Plant height (cm),44,Not genotyped
4,Garu4,Kumbotso,4b,b,1,4b-r1,5,SD,Stem diameter,0.6,Not genotyped
4,Garu4,Kumbotso,4b,b,1,4b-r1,6,LB,Leaf breadth (cm),5.4,Not genotyped
4,Garu4,Kumbotso,4b,b,1,4b-r1,6,LL,Leaf length (cm),8,Not genotyped
4,Garu4,Kumbotso,4b,b,1,4b-r1,6,NB,Number of branches,3,Not genotyped
4,Garu4,Kumbotso,4b,b,1,4b-r1,6,NL,Number of leaves,49,Not genotyped
4,Garu4,Kumbotso,4b,b,1,4b-r1,6,PH,Plant height (cm),43,Not genotyped
4,Garu4,Kumbotso,4b,b,1,4b-r1,6,SD,Stem diameter,0.6,Not genotyped
4,Garu4,Kumbotso,4b,b,2,4b-r2,2,LB,Leaf breadth (cm),4.6,Not genotyped
4,Garu4,Kumbotso,4b,b,2,4b-r2,2,LL,Leaf length (cm),8,Not genotyped
4,Garu4,Kumbotso,4b,b,2,4b-r2,2,NB,Number of branches,0,Not genotyped
4,Garu4,Kumbotso,4b,b,2,4b-r2,2,NL,Number of leaves,14,Not genotyped
4,Garu4,Kumbotso,4b,b,2,4b-r2,2,PH,Plant height (cm),17.5,Not genotyped
4,Garu4,Kumbotso,4b,b,2,4b-r2,2,SD,Stem diameter,NA,Not genotyped
4,Garu4,Kumbotso,4b,b,2,4b-r2,3,LB,Leaf breadth (cm),6.6,Not genotyped
4,Garu4,Kumbotso,4b,b,2,4b-r2,3,LL,Leaf length (cm),9.6,Not genotyped
4,Garu4,Kumbotso,4b,b,2,4b-r2,3,NB,Number of branches,2,Not genotyped
4,Garu4,Kumbotso,4b,b,2,4b-r2,3,NL,Number of leaves,34,Not genotyped
4,Garu4,Kumbotso,4b,b,2,4b-r2,3,PH,Plant height (cm),33,Not genotyped
4,Garu4,Kumbotso,4b,b,2,4b-r2,3,SD,Stem diameter,3.7,Not genotyped
4,Garu4,Kumbotso,4b,b,2,4b-r2,4,LB,Leaf breadth (cm),8.4,Not genotyped
4,Garu4,Kumbotso,4b,b,2,4b-r2,4,LL,Leaf length (cm),10.2,Not genotyped
4,Garu4,Kumbotso,4b,b,2,4b-r2,4,NB,Number of branches,2,Not genotyped
4,Garu4,Kumbotso,4b,b,2,4b-r2,4,NL,Number of leaves,56,Not genotyped
4,Garu4,Kumbotso,4b,b,2,4b-r2,4,PH,Plant height (cm),65.3,Not genotyped
4,Garu4,Kumbotso,4b,b,2,4b-r2,4,SD,Stem diameter,3.65,Not genotyped
4,Garu4,Kumbotso,4b,b,2,4b-r2,5,LB,Leaf breadth (cm),7,Not genotyped
4,Garu4,Kumbotso,4b,b,2,4b-r2,5,LL,Leaf length (cm),9,Not genotyped
4,Garu4,Kumbotso,4b,b,2,4b-r2,5,NB,Number of branches,4,Not genotyped
4,Garu4,Kumbotso,4b,b,2,4b-r2,5,NL,Number of leaves,99,Not genotyped
4,Garu4,Kumbotso,4b,b,2,4b-r2,5,PH,Plant height (cm),135,Not genotyped
4,Garu4,Kumbotso,4b,b,2,4b-r2,5,SD,Stem diameter,3.8,Not genotyped
4,Garu4,Kumbotso,4b,b,2,4b-r2,6,LB,Leaf breadth (cm),7.1,Not genotyped
4,Garu4,Kumbotso,4b,b,2,4b-r2,6,LL,Leaf length (cm),8.2,Not genotyped
4,Garu4,Kumbotso,4b,b,2,4b-r2,6,NB,Number of branches,4,Not genotyped
4,Garu4,Kumbotso,4b,b,2,4b-r2,6,NL,Number of leaves,109,Not genotyped
4,Garu4,Kumbotso,4b,b,2,4b-r2,6,PH,Plant height (cm),153.9,Not genotyped
4,Garu4,Kumbotso,4b,b,2,4b-r2,6,SD,Stem diameter,3.8,Not genotyped
5,Danzabura5,Bichi,5a,a,1,5a-r1,2,LB,Leaf breadth (cm),4.7,Not genotyped
5,Danzabura5,Bichi,5a,a,1,5a-r1,2,LL,Leaf length (cm),9.4,Not genotyped
5,Danzabura5,Bichi,5a,a,1,5a-r1,2,NB,Number of branches,NA,Not genotyped
5,Danzabura5,Bichi,5a,a,1,5a-r1,2,NL,Number of leaves,26,Not genotyped
5,Danzabura5,Bichi,5a,a,1,5a-r1,2,PH,Plant height (cm),26.1,Not genotyped
5,Danzabura5,Bichi,5a,a,1,5a-r1,2,SD,Stem diameter,NA,Not genotyped
5,Danzabura5,Bichi,5a,a,1,5a-r1,3,LB,Leaf breadth (cm),7.2,Not genotyped
5,Danzabura5,Bichi,5a,a,1,5a-r1,3,LL,Leaf length (cm),10.2,Not genotyped
5,Danzabura5,Bichi,5a,a,1,5a-r1,3,NB,Number of branches,2,Not genotyped
5,Danzabura5,Bichi,5a,a,1,5a-r1,3,NL,Number of leaves,32,Not genotyped
5,Danzabura5,Bichi,5a,a,1,5a-r1,3,PH,Plant height (cm),40.1,Not genotyped
5,Danzabura5,Bichi,5a,a,1,5a-r1,3,SD,Stem diameter,NA,Not genotyped
5,Danzabura5,Bichi,5a,a,1,5a-r1,4,LB,Leaf breadth (cm),8,Not genotyped
5,Danzabura5,Bichi,5a,a,1,5a-r1,4,LL,Leaf length (cm),10.5,Not genotyped
5,Danzabura5,Bichi,5a,a,1,5a-r1,4,NB,Number of branches,2,Not genotyped
5,Danzabura5,Bichi,5a,a,1,5a-r1,4,NL,Number of leaves,50,Not genotyped
5,Danzabura5,Bichi,5a,a,1,5a-r1,4,PH,Plant height (cm),178,Not genotyped
5,Danzabura5,Bichi,5a,a,1,5a-r1,4,SD,Stem diameter,0.51,Not genotyped
5,Danzabura5,Bichi,5a,a,1,5a-r1,5,LB,Leaf breadth (cm),6,Not genotyped
5,Danzabura5,Bichi,5a,a,1,5a-r1,5,LL,Leaf length (cm),10.5,Not genotyped
5,Danzabura5,Bichi,5a,a,1,5a-r1,5,NB,Number of branches,1,Not genotyped
5,Danzabura5,Bichi,5a,a,1,5a-r1,5,NL,Number of leaves,47,Not genotyped
5,Danzabura5,Bichi,5a,a,1,5a-r1,5,PH,Plant height (cm),197,Not genotyped
5,Danzabura5,Bichi,5a,a,1,5a-r1,5,SD,Stem diameter,0.51,Not genotyped
5,Danzabura5,Bichi,5a,a,1,5a-r1,6,LB,Leaf breadth (cm),6,Not genotyped
5,Danzabura5,Bichi,5a,a,1,5a-r1,6,LL,Leaf length (cm),10.7,Not genotyped
5,Danzabura5,Bichi,5a,a,1,5a-r1,6,NB,Number of branches,1,Not genotyped
5,Danzabura5,Bichi,5a,a,1,5a-r1,6,NL,Number of leaves,51,Not genotyped
5,Danzabura5,Bichi,5a,a,1,5a-r1,6,PH,Plant height (cm),199,Not genotyped
5,Danzabura5,Bichi,5a,a,1,5a-r1,6,SD,Stem diameter,0.55,Not genotyped
5,Danzabura5,Bichi,5a,a,2,5a-r2,2,LB,Leaf breadth (cm),5.3,Not genotyped
5,Danzabura5,Bichi,5a,a,2,5a-r2,2,LL,Leaf length (cm),9.2,Not genotyped
5,Danzabura5,Bichi,5a,a,2,5a-r2,2,NB,Number of branches,2,Not genotyped
5,Danzabura5,Bichi,5a,a,2,5a-r2,2,NL,Number of leaves,40,Not genotyped
5,Danzabura5,Bichi,5a,a,2,5a-r2,2,PH,Plant height (cm),120,Not genotyped
5,Danzabura5,Bichi,5a,a,2,5a-r2,2,SD,Stem diameter,NA,Not genotyped
5,Danzabura5,Bichi,5a,a,2,5a-r2,3,LB,Leaf breadth (cm),5.7,Not genotyped
5,Danzabura5,Bichi,5a,a,2,5a-r2,3,LL,Leaf length (cm),9.8,Not genotyped
5,Danzabura5,Bichi,5a,a,2,5a-r2,3,NB,Number of branches,3,Not genotyped
5,Danzabura5,Bichi,5a,a,2,5a-r2,3,NL,Number of leaves,62,Not genotyped
5,Danzabura5,Bichi,5a,a,2,5a-r2,3,PH,Plant height (cm),220,Not genotyped
5,Danzabura5,Bichi,5a,a,2,5a-r2,3,SD,Stem diameter,3.8,Not genotyped
5,Danzabura5,Bichi,5a,a,2,5a-r2,4,LB,Leaf breadth (cm),5.2,Not genotyped
5,Danzabura5,Bichi,5a,a,2,5a-r2,4,LL,Leaf length (cm),10.7,Not genotyped
5,Danzabura5,Bichi,5a,a,2,5a-r2,4,NB,Number of branches,3,Not genotyped
5,Danzabura5,Bichi,5a,a,2,5a-r2,4,NL,Number of leaves,72,Not genotyped
5,Danzabura5,Bichi,5a,a,2,5a-r2,4,PH,Plant height (cm),235,Not genotyped
5,Danzabura5,Bichi,5a,a,2,5a-r2,4,SD,Stem diameter,3.7,Not genotyped
5,Danzabura5,Bichi,5a,a,2,5a-r2,5,LB,Leaf breadth (cm),5.6,Not genotyped
5,Danzabura5,Bichi,5a,a,2,5a-r2,5,LL,Leaf length (cm),8,Not genotyped
5,Danzabura5,Bichi,5a,a,2,5a-r2,5,NB,Number of branches,2,Not genotyped
5,Danzabura5,Bichi,5a,a,2,5a-r2,5,NL,Number of leaves,96,Not genotyped
5,Danzabura5,Bichi,5a,a,2,5a-r2,5,PH,Plant height (cm),209,Not genotyped
5,Danzabura5,Bichi,5a,a,2,5a-r2,5,SD,Stem diameter,3.8,Not genotyped
5,Danzabura5,Bichi,5a,a,2,5a-r2,6,LB,Leaf breadth (cm),6,Not genotyped
5,Danzabura5,Bichi,5a,a,2,5a-r2,6,LL,Leaf length (cm),7.2,Not genotyped
5,Danzabura5,Bichi,5a,a,2,5a-r2,6,NB,Number of branches,2,Not genotyped
5,Danzabura5,Bichi,5a,a,2,5a-r2,6,NL,Number of leaves,106,Not genotyped
5,Danzabura5,Bichi,5a,a,2,5a-r2,6,PH,Plant height (cm),188,Not genotyped
5,Danzabura5,Bichi,5a,a,2,5a-r2,6,SD,Stem diameter,3.8,Not genotyped
5,Danzabura5,Bichi,5b,b,1,5b-r1,2,LB,Leaf breadth (cm),4.1,Not genotyped
5,Danzabura5,Bichi,5b,b,1,5b-r1,2,LL,Leaf length (cm),6.3,Not genotyped
5,Danzabura5,Bichi,5b,b,1,5b-r1,2,NB,Number of branches,2,Not genotyped
5,Danzabura5,Bichi,5b,b,1,5b-r1,2,NL,Number of leaves,20,Not genotyped
5,Danzabura5,Bichi,5b,b,1,5b-r1,2,PH,Plant height (cm),20.8,Not genotyped
5,Danzabura5,Bichi,5b,b,1,5b-r1,2,SD,Stem diameter,NA,Not genotyped
5,Danzabura5,Bichi,5b,b,1,5b-r1,3,LB,Leaf breadth (cm),4.3,Not genotyped
5,Danzabura5,Bichi,5b,b,1,5b-r1,3,LL,Leaf length (cm),7.3,Not genotyped
5,Danzabura5,Bichi,5b,b,1,5b-r1,3,NB,Number of branches,2,Not genotyped
5,Danzabura5,Bichi,5b,b,1,5b-r1,3,NL,Number of leaves,21,Not genotyped
5,Danzabura5,Bichi,5b,b,1,5b-r1,3,PH,Plant height (cm),23.1,Not genotyped
5,Danzabura5,Bichi,5b,b,1,5b-r1,3,SD,Stem diameter,NA,Not genotyped
5,Danzabura5,Bichi,5b,b,1,5b-r1,4,LB,Leaf breadth (cm),NA,Not genotyped
5,Danzabura5,Bichi,5b,b,1,5b-r1,4,LL,Leaf length (cm),7.8,Not genotyped
5,Danzabura5,Bichi,5b,b,1,5b-r1,4,NB,Number of branches,2,Not genotyped
5,Danzabura5,Bichi,5b,b,1,5b-r1,4,NL,Number of leaves,22,Not genotyped
5,Danzabura5,Bichi,5b,b,1,5b-r1,4,PH,Plant height (cm),39.9,Not genotyped
5,Danzabura5,Bichi,5b,b,1,5b-r1,4,SD,Stem diameter,0.5,Not genotyped
5,Danzabura5,Bichi,5b,b,1,5b-r1,5,LB,Leaf breadth (cm),NA,Not genotyped
5,Danzabura5,Bichi,5b,b,1,5b-r1,5,LL,Leaf length (cm),NA,Not genotyped
5,Danzabura5,Bichi,5b,b,1,5b-r1,5,NB,Number of branches,NA,Not genotyped
5,Danzabura5,Bichi,5b,b,1,5b-r1,5,NL,Number of leaves,NA,Not genotyped
5,Danzabura5,Bichi,5b,b,1,5b-r1,5,PH,Plant height (cm),NA,Not genotyped
5,Danzabura5,Bichi,5b,b,1,5b-r1,5,SD,Stem diameter,0.5,Not genotyped
5,Danzabura5,Bichi,5b,b,1,5b-r1,6,LB,Leaf breadth (cm),NA,Not genotyped
5,Danzabura5,Bichi,5b,b,1,5b-r1,6,LL,Leaf length (cm),NA,Not genotyped
5,Danzabura5,Bichi,5b,b,1,5b-r1,6,NB,Number of branches,NA,Not genotyped
5,Danzabura5,Bichi,5b,b,1,5b-r1,6,NL,Number of leaves,NA,Not genotyped
5,Danzabura5,Bichi,5b,b,1,5b-r1,6,PH,Plant height (cm),NA,Not genotyped
5,Danzabura5,Bichi,5b,b,1,5b-r1,6,SD,Stem diameter,0.55,Not genotyped
5,Danzabura5,Bichi,5b,b,2,5b-r2,2,LB,Leaf breadth (cm),NA,Not genotyped
5,Danzabura5,Bichi,5b,b,2,5b-r2,2,LL,Leaf length (cm),NA,Not genotyped
5,Danzabura5,Bichi,5b,b,2,5b-r2,2,NB,Number of branches,0,Not genotyped
5,Danzabura5,Bichi,5b,b,2,5b-r2,2,NL,Number of leaves,NA,Not genotyped
5,Danzabura5,Bichi,5b,b,2,5b-r2,2,PH,Plant height (cm),NA,Not genotyped
5,Danzabura5,Bichi,5b,b,2,5b-r2,2,SD,Stem diameter,NA,Not genotyped
5,Danzabura5,Bichi,5b,b,2,5b-r2,3,LB,Leaf breadth (cm),NA,Not genotyped
5,Danzabura5,Bichi,5b,b,2,5b-r2,3,LL,Leaf length (cm),NA,Not genotyped
5,Danzabura5,Bichi,5b,b,2,5b-r2,3,NB,Number of branches,0,Not genotyped
5,Danzabura5,Bichi,5b,b,2,5b-r2,3,NL,Number of leaves,NA,Not genotyped
5,Danzabura5,Bichi,5b,b,2,5b-r2,3,PH,Plant height (cm),NA,Not genotyped
5,Danzabura5,Bichi,5b,b,2,5b-r2,3,SD,Stem diameter,NA,Not genotyped
5,Danzabura5,Bichi,5b,b,2,5b-r2,4,LB,Leaf breadth (cm),NA,Not genotyped
5,Danzabura5,Bichi,5b,b,2,5b-r2,4,LL,Leaf length (cm),NA,Not genotyped
5,Danzabura5,Bichi,5b,b,2,5b-r2,4,NB,Number of branches,0,Not genotyped
5,Danzabura5,Bichi,5b,b,2,5b-r2,4,NL,Number of leaves,NA,Not genotyped
5,Danzabura5,Bichi,5b,b,2,5b-r2,4,PH,Plant height (cm),NA,Not genotyped
5,Danzabura5,Bichi,5b,b,2,5b-r2,4,SD,Stem diameter,NA,Not genotyped
5,Danzabura5,Bichi,5b,b,2,5b-r2,5,LB,Leaf breadth (cm),NA,Not genotyped
5,Danzabura5,Bichi,5b,b,2,5b-r2,5,LL,Leaf length (cm),NA,Not genotyped
5,Danzabura5,Bichi,5b,b,2,5b-r2,5,NB,Number of branches,0,Not genotyped
5,Danzabura5,Bichi,5b,b,2,5b-r2,5,NL,Number of leaves,NA,Not genotyped
5,Danzabura5,Bichi,5b,b,2,5b-r2,5,PH,Plant height (cm),NA,Not genotyped
5,Danzabura5,Bichi,5b,b,2,5b-r2,5,SD,Stem diameter,NA,Not genotyped
5,Danzabura5,Bichi,5b,b,2,5b-r2,6,LB,Leaf breadth (cm),NA,Not genotyped
5,Danzabura5,Bichi,5b,b,2,5b-r2,6,LL,Leaf length (cm),NA,Not genotyped
5,Danzabura5,Bichi,5b,b,2,5b-r2,6,NB,Number of branches,0,Not genotyped
5,Danzabura5,Bichi,5b,b,2,5b-r2,6,NL,Number of leaves,NA,Not genotyped
5,Danzabura5,Bichi,5b,b,2,5b-r2,6,PH,Plant height (cm),NA,Not genotyped
5,Danzabura5,Bichi,5b,b,2,5b-r2,6,SD,Stem diameter,NA,Not genotyped
6,Bichi6,Bichi,6a,a,1,6a-r1,2,LB,Leaf breadth (cm),3.6,Not genotyped
6,Bichi6,Bichi,6a,a,1,6a-r1,2,LL,Leaf length (cm),8.4,Not genotyped
6,Bichi6,Bichi,6a,a,1,6a-r1,2,NB,Number of branches,NA,Not genotyped
6,Bichi6,Bichi,6a,a,1,6a-r1,2,NL,Number of leaves,13,Not genotyped
6,Bichi6,Bichi,6a,a,1,6a-r1,2,PH,Plant height (cm),24,Not genotyped
6,Bichi6,Bichi,6a,a,1,6a-r1,2,SD,Stem diameter,NA,Not genotyped
6,Bichi6,Bichi,6a,a,1,6a-r1,3,LB,Leaf breadth (cm),3.8,Not genotyped
6,Bichi6,Bichi,6a,a,1,6a-r1,3,LL,Leaf length (cm),7.9,Not genotyped
6,Bichi6,Bichi,6a,a,1,6a-r1,3,NB,Number of branches,NA,Not genotyped
6,Bichi6,Bichi,6a,a,1,6a-r1,3,NL,Number of leaves,13,Not genotyped
6,Bichi6,Bichi,6a,a,1,6a-r1,3,PH,Plant height (cm),26.5,Not genotyped
6,Bichi6,Bichi,6a,a,1,6a-r1,3,SD,Stem diameter,NA,Not genotyped
6,Bichi6,Bichi,6a,a,1,6a-r1,4,LB,Leaf breadth (cm),4.3,Not genotyped
6,Bichi6,Bichi,6a,a,1,6a-r1,4,LL,Leaf length (cm),8,Not genotyped
6,Bichi6,Bichi,6a,a,1,6a-r1,4,NB,Number of branches,NA,Not genotyped
6,Bichi6,Bichi,6a,a,1,6a-r1,4,NL,Number of leaves,14,Not genotyped
6,Bichi6,Bichi,6a,a,1,6a-r1,4,PH,Plant height (cm),27,Not genotyped
6,Bichi6,Bichi,6a,a,1,6a-r1,4,SD,Stem diameter,0.5,Not genotyped
6,Bichi6,Bichi,6a,a,1,6a-r1,5,LB,Leaf breadth (cm),3.7,Not genotyped
6,Bichi6,Bichi,6a,a,1,6a-r1,5,LL,Leaf length (cm),8,Not genotyped
6,Bichi6,Bichi,6a,a,1,6a-r1,5,NB,Number of branches,1,Not genotyped
6,Bichi6,Bichi,6a,a,1,6a-r1,5,NL,Number of leaves,27,Not genotyped
6,Bichi6,Bichi,6a,a,1,6a-r1,5,PH,Plant height (cm),36,Not genotyped
6,Bichi6,Bichi,6a,a,1,6a-r1,5,SD,Stem diameter,0.55,Not genotyped
6,Bichi6,Bichi,6a,a,1,6a-r1,6,LB,Leaf breadth (cm),3.9,Not genotyped
6,Bichi6,Bichi,6a,a,1,6a-r1,6,LL,Leaf length (cm),8.2,Not genotyped
6,Bichi6,Bichi,6a,a,1,6a-r1,6,NB,Number of branches,1,Not genotyped
6,Bichi6,Bichi,6a,a,1,6a-r1,6,NL,Number of leaves,36,Not genotyped
6,Bichi6,Bichi,6a,a,1,6a-r1,6,PH,Plant height (cm),36,Not genotyped
6,Bichi6,Bichi,6a,a,1,6a-r1,6,SD,Stem diameter,0.55,Not genotyped
6,Bichi6,Bichi,6a,a,2,6a-r2,2,LB,Leaf breadth (cm),5.5,Not genotyped
6,Bichi6,Bichi,6a,a,2,6a-r2,2,LL,Leaf length (cm),6.8,Not genotyped
6,Bichi6,Bichi,6a,a,2,6a-r2,2,NB,Number of branches,2,Not genotyped
6,Bichi6,Bichi,6a,a,2,6a-r2,2,NL,Number of leaves,26,Not genotyped
6,Bichi6,Bichi,6a,a,2,6a-r2,2,PH,Plant height (cm),92,Not genotyped
6,Bichi6,Bichi,6a,a,2,6a-r2,2,SD,Stem diameter,NA,Not genotyped
6,Bichi6,Bichi,6a,a,2,6a-r2,3,LB,Leaf breadth (cm),6.4,Not genotyped
6,Bichi6,Bichi,6a,a,2,6a-r2,3,LL,Leaf length (cm),10.4,Not genotyped
6,Bichi6,Bichi,6a,a,2,6a-r2,3,NB,Number of branches,3,Not genotyped
6,Bichi6,Bichi,6a,a,2,6a-r2,3,NL,Number of leaves,84,Not genotyped
6,Bichi6,Bichi,6a,a,2,6a-r2,3,PH,Plant height (cm),162,Not genotyped
6,Bichi6,Bichi,6a,a,2,6a-r2,3,SD,Stem diameter,3.9,Not genotyped
6,Bichi6,Bichi,6a,a,2,6a-r2,4,LB,Leaf breadth (cm),7.3,Not genotyped
6,Bichi6,Bichi,6a,a,2,6a-r2,4,LL,Leaf length (cm),7.7,Not genotyped
6,Bichi6,Bichi,6a,a,2,6a-r2,4,NB,Number of branches,4,Not genotyped
6,Bichi6,Bichi,6a,a,2,6a-r2,4,NL,Number of leaves,109,Not genotyped
6,Bichi6,Bichi,6a,a,2,6a-r2,4,PH,Plant height (cm),260,Not genotyped
6,Bichi6,Bichi,6a,a,2,6a-r2,4,SD,Stem diameter,3.7,Not genotyped
6,Bichi6,Bichi,6a,a,2,6a-r2,5,LB,Leaf breadth (cm),7.6,Not genotyped
6,Bichi6,Bichi,6a,a,2,6a-r2,5,LL,Leaf length (cm),10,Not genotyped
6,Bichi6,Bichi,6a,a,2,6a-r2,5,NB,Number of branches,2,Not genotyped
6,Bichi6,Bichi,6a,a,2,6a-r2,5,NL,Number of leaves,21,Not genotyped
6,Bichi6,Bichi,6a,a,2,6a-r2,5,PH,Plant height (cm),260,Not genotyped
6,Bichi6,Bichi,6a,a,2,6a-r2,5,SD,Stem diameter,3.8,Not genotyped
6,Bichi6,Bichi,6a,a,2,6a-r2,6,LB,Leaf breadth (cm),7.9,Not genotyped
6,Bichi6,Bichi,6a,a,2,6a-r2,6,LL,Leaf length (cm),6.8,Not genotyped
6,Bichi6,Bichi,6a,a,2,6a-r2,6,NB,Number of branches,2,Not genotyped
6,Bichi6,Bichi,6a,a,2,6a-r2,6,NL,Number of leaves,18,Not genotyped
6,Bichi6,Bichi,6a,a,2,6a-r2,6,PH,Plant height (cm),260,Not genotyped
6,Bichi6,Bichi,6a,a,2,6a-r2,6,SD,Stem diameter,3.8,Not genotyped
6,Bichi6,Bichi,6b,b,1,6b-r1,2,LB,Leaf breadth (cm),4.7,Not genotyped
6,Bichi6,Bichi,6b,b,1,6b-r1,2,LL,Leaf length (cm),7.3,Not genotyped
6,Bichi6,Bichi,6b,b,1,6b-r1,2,NB,Number of branches,2,Not genotyped
6,Bichi6,Bichi,6b,b,1,6b-r1,2,NL,Number of leaves,14,Not genotyped
6,Bichi6,Bichi,6b,b,1,6b-r1,2,PH,Plant height (cm),26.4,Not genotyped
6,Bichi6,Bichi,6b,b,1,6b-r1,2,SD,Stem diameter,NA,Not genotyped
6,Bichi6,Bichi,6b,b,1,6b-r1,3,LB,Leaf breadth (cm),6,Not genotyped
6,Bichi6,Bichi,6b,b,1,6b-r1,3,LL,Leaf length (cm),9,Not genotyped
6,Bichi6,Bichi,6b,b,1,6b-r1,3,NB,Number of branches,2,Not genotyped
6,Bichi6,Bichi,6b,b,1,6b-r1,3,NL,Number of leaves,24,Not genotyped
6,Bichi6,Bichi,6b,b,1,6b-r1,3,PH,Plant height (cm),27,Not genotyped
6,Bichi6,Bichi,6b,b,1,6b-r1,3,SD,Stem diameter,NA,Not genotyped
6,Bichi6,Bichi,6b,b,1,6b-r1,4,LB,Leaf breadth (cm),6.2,Not genotyped
6,Bichi6,Bichi,6b,b,1,6b-r1,4,LL,Leaf length (cm),10.2,Not genotyped
6,Bichi6,Bichi,6b,b,1,6b-r1,4,NB,Number of branches,3,Not genotyped
6,Bichi6,Bichi,6b,b,1,6b-r1,4,NL,Number of leaves,24,Not genotyped
6,Bichi6,Bichi,6b,b,1,6b-r1,4,PH,Plant height (cm),27.3,Not genotyped
6,Bichi6,Bichi,6b,b,1,6b-r1,4,SD,Stem diameter,0.5,Not genotyped
6,Bichi6,Bichi,6b,b,1,6b-r1,5,LB,Leaf breadth (cm),5.5,Not genotyped
6,Bichi6,Bichi,6b,b,1,6b-r1,5,LL,Leaf length (cm),7.5,Not genotyped
6,Bichi6,Bichi,6b,b,1,6b-r1,5,NB,Number of branches,3,Not genotyped
6,Bichi6,Bichi,6b,b,1,6b-r1,5,NL,Number of leaves,25,Not genotyped
6,Bichi6,Bichi,6b,b,1,6b-r1,5,PH,Plant height (cm),28,Not genotyped
6,Bichi6,Bichi,6b,b,1,6b-r1,5,SD,Stem diameter,0.5,Not genotyped
6,Bichi6,Bichi,6b,b,1,6b-r1,6,LB,Leaf breadth (cm),5.4,Not genotyped
6,Bichi6,Bichi,6b,b,1,6b-r1,6,LL,Leaf length (cm),7,Not genotyped
6,Bichi6,Bichi,6b,b,1,6b-r1,6,NB,Number of branches,3,Not genotyped
6,Bichi6,Bichi,6b,b,1,6b-r1,6,NL,Number of leaves,36,Not genotyped
6,Bichi6,Bichi,6b,b,1,6b-r1,6,PH,Plant height (cm),29.5,Not genotyped
6,Bichi6,Bichi,6b,b,1,6b-r1,6,SD,Stem diameter,0.52,Not genotyped
6,Bichi6,Bichi,6b,b,2,6b-r2,2,LB,Leaf breadth (cm),5.6,Not genotyped
6,Bichi6,Bichi,6b,b,2,6b-r2,2,LL,Leaf length (cm),10.2,Not genotyped
6,Bichi6,Bichi,6b,b,2,6b-r2,2,NB,Number of branches,3,Not genotyped
6,Bichi6,Bichi,6b,b,2,6b-r2,2,NL,Number of leaves,35,Not genotyped
6,Bichi6,Bichi,6b,b,2,6b-r2,2,PH,Plant height (cm),70,Not genotyped
6,Bichi6,Bichi,6b,b,2,6b-r2,2,SD,Stem diameter,NA,Not genotyped
6,Bichi6,Bichi,6b,b,2,6b-r2,3,LB,Leaf breadth (cm),6,Not genotyped
6,Bichi6,Bichi,6b,b,2,6b-r2,3,LL,Leaf length (cm),9.3,Not genotyped
6,Bichi6,Bichi,6b,b,2,6b-r2,3,NB,Number of branches,4,Not genotyped
6,Bichi6,Bichi,6b,b,2,6b-r2,3,NL,Number of leaves,73,Not genotyped
6,Bichi6,Bichi,6b,b,2,6b-r2,3,PH,Plant height (cm),104,Not genotyped
6,Bichi6,Bichi,6b,b,2,6b-r2,3,SD,Stem diameter,3.7,Not genotyped
6,Bichi6,Bichi,6b,b,2,6b-r2,4,LB,Leaf breadth (cm),5.8,Not genotyped
6,Bichi6,Bichi,6b,b,2,6b-r2,4,LL,Leaf length (cm),8.3,Not genotyped
6,Bichi6,Bichi,6b,b,2,6b-r2,4,NB,Number of branches,4,Not genotyped
6,Bichi6,Bichi,6b,b,2,6b-r2,4,NL,Number of leaves,94,Not genotyped
6,Bichi6,Bichi,6b,b,2,6b-r2,4,PH,Plant height (cm),143,Not genotyped
6,Bichi6,Bichi,6b,b,2,6b-r2,4,SD,Stem diameter,3.7,Not genotyped
6,Bichi6,Bichi,6b,b,2,6b-r2,5,LB,Leaf breadth (cm),5.7,Not genotyped
6,Bichi6,Bichi,6b,b,2,6b-r2,5,LL,Leaf length (cm),8,Not genotyped
6,Bichi6,Bichi,6b,b,2,6b-r2,5,NB,Number of branches,4,Not genotyped
6,Bichi6,Bichi,6b,b,2,6b-r2,5,NL,Number of leaves,81,Not genotyped
6,Bichi6,Bichi,6b,b,2,6b-r2,5,PH,Plant height (cm),143,Not genotyped
6,Bichi6,Bichi,6b,b,2,6b-r2,5,SD,Stem diameter,3.7,Not genotyped
6,Bichi6,Bichi,6b,b,2,6b-r2,6,LB,Leaf breadth (cm),5.85,Not genotyped
6,Bichi6,Bichi,6b,b,2,6b-r2,6,LL,Leaf length (cm),7.2,Not genotyped
6,Bichi6,Bichi,6b,b,2,6b-r2,6,NB,Number of branches,4,Not genotyped
6,Bichi6,Bichi,6b,b,2,6b-r2,6,NL,Number of leaves,73,Not genotyped
6,Bichi6,Bichi,6b,b,2,6b-r2,6,PH,Plant height (cm),143,Not genotyped
6,Bichi6,Bichi,6b,b,2,6b-r2,6,SD,Stem diameter,3.7,Not genotyped
7,Sumailia7,Sumaila,7a,a,1,7a-r1,2,LB,Leaf breadth (cm),2.9,Not genotyped
7,Sumailia7,Sumaila,7a,a,1,7a-r1,2,LL,Leaf length (cm),4.6,Not genotyped
7,Sumailia7,Sumaila,7a,a,1,7a-r1,2,NB,Number of branches,NA,Not genotyped
7,Sumailia7,Sumaila,7a,a,1,7a-r1,2,NL,Number of leaves,13,Not genotyped
7,Sumailia7,Sumaila,7a,a,1,7a-r1,2,PH,Plant height (cm),20.1,Not genotyped
7,Sumailia7,Sumaila,7a,a,1,7a-r1,2,SD,Stem diameter,NA,Not genotyped
7,Sumailia7,Sumaila,7a,a,1,7a-r1,3,LB,Leaf breadth (cm),3.2,Not genotyped
7,Sumailia7,Sumaila,7a,a,1,7a-r1,3,LL,Leaf length (cm),5.9,Not genotyped
7,Sumailia7,Sumaila,7a,a,1,7a-r1,3,NB,Number of branches,NA,Not genotyped
7,Sumailia7,Sumaila,7a,a,1,7a-r1,3,NL,Number of leaves,17,Not genotyped
7,Sumailia7,Sumaila,7a,a,1,7a-r1,3,PH,Plant height (cm),22,Not genotyped
7,Sumailia7,Sumaila,7a,a,1,7a-r1,3,SD,Stem diameter,NA,Not genotyped
7,Sumailia7,Sumaila,7a,a,1,7a-r1,4,LB,Leaf breadth (cm),4.3,Not genotyped
7,Sumailia7,Sumaila,7a,a,1,7a-r1,4,LL,Leaf length (cm),8.5,Not genotyped
7,Sumailia7,Sumaila,7a,a,1,7a-r1,4,NB,Number of branches,NA,Not genotyped
7,Sumailia7,Sumaila,7a,a,1,7a-r1,4,NL,Number of leaves,23,Not genotyped
7,Sumailia7,Sumaila,7a,a,1,7a-r1,4,PH,Plant height (cm),24.1,Not genotyped
7,Sumailia7,Sumaila,7a,a,1,7a-r1,4,SD,Stem diameter,0.45,Not genotyped
7,Sumailia7,Sumaila,7a,a,1,7a-r1,5,LB,Leaf breadth (cm),5.4,Not genotyped
7,Sumailia7,Sumaila,7a,a,1,7a-r1,5,LL,Leaf length (cm),9,Not genotyped
7,Sumailia7,Sumaila,7a,a,1,7a-r1,5,NB,Number of branches,1,Not genotyped
7,Sumailia7,Sumaila,7a,a,1,7a-r1,5,NL,Number of leaves,32,Not genotyped
7,Sumailia7,Sumaila,7a,a,1,7a-r1,5,PH,Plant height (cm),41,Not genotyped
7,Sumailia7,Sumaila,7a,a,1,7a-r1,5,SD,Stem diameter,0.5,Not genotyped
7,Sumailia7,Sumaila,7a,a,1,7a-r1,6,LB,Leaf breadth (cm),5.8,Not genotyped
7,Sumailia7,Sumaila,7a,a,1,7a-r1,6,LL,Leaf length (cm),8.6,Not genotyped
7,Sumailia7,Sumaila,7a,a,1,7a-r1,6,NB,Number of branches,1,Not genotyped
7,Sumailia7,Sumaila,7a,a,1,7a-r1,6,NL,Number of leaves,28,Not genotyped
7,Sumailia7,Sumaila,7a,a,1,7a-r1,6,PH,Plant height (cm),52,Not genotyped
7,Sumailia7,Sumaila,7a,a,1,7a-r1,6,SD,Stem diameter,0.55,Not genotyped
7,Sumailia7,Sumaila,7a,a,2,7a-r2,2,LB,Leaf breadth (cm),NA,Not genotyped
7,Sumailia7,Sumaila,7a,a,2,7a-r2,2,LL,Leaf length (cm),NA,Not genotyped
7,Sumailia7,Sumaila,7a,a,2,7a-r2,2,NB,Number of branches,0,Not genotyped
7,Sumailia7,Sumaila,7a,a,2,7a-r2,2,NL,Number of leaves,NA,Not genotyped
7,Sumailia7,Sumaila,7a,a,2,7a-r2,2,PH,Plant height (cm),NA,Not genotyped
7,Sumailia7,Sumaila,7a,a,2,7a-r2,2,SD,Stem diameter,NA,Not genotyped
7,Sumailia7,Sumaila,7a,a,2,7a-r2,3,LB,Leaf breadth (cm),NA,Not genotyped
7,Sumailia7,Sumaila,7a,a,2,7a-r2,3,LL,Leaf length (cm),NA,Not genotyped
7,Sumailia7,Sumaila,7a,a,2,7a-r2,3,NB,Number of branches,0,Not genotyped
7,Sumailia7,Sumaila,7a,a,2,7a-r2,3,NL,Number of leaves,NA,Not genotyped
7,Sumailia7,Sumaila,7a,a,2,7a-r2,3,PH,Plant height (cm),NA,Not genotyped
7,Sumailia7,Sumaila,7a,a,2,7a-r2,3,SD,Stem diameter,NA,Not genotyped
7,Sumailia7,Sumaila,7a,a,2,7a-r2,4,LB,Leaf breadth (cm),NA,Not genotyped
7,Sumailia7,Sumaila,7a,a,2,7a-r2,4,LL,Leaf length (cm),NA,Not genotyped
7,Sumailia7,Sumaila,7a,a,2,7a-r2,4,NB,Number of branches,0,Not genotyped
7,Sumailia7,Sumaila,7a,a,2,7a-r2,4,NL,Number of leaves,NA,Not genotyped
7,Sumailia7,Sumaila,7a,a,2,7a-r2,4,PH,Plant height (cm),NA,Not genotyped
7,Sumailia7,Sumaila,7a,a,2,7a-r2,4,SD,Stem diameter,NA,Not genotyped
7,Sumailia7,Sumaila,7a,a,2,7a-r2,5,LB,Leaf breadth (cm),NA,Not genotyped
7,Sumailia7,Sumaila,7a,a,2,7a-r2,5,LL,Leaf length (cm),NA,Not genotyped
7,Sumailia7,Sumaila,7a,a,2,7a-r2,5,NB,Number of branches,0,Not genotyped
7,Sumailia7,Sumaila,7a,a,2,7a-r2,5,NL,Number of leaves,NA,Not genotyped
7,Sumailia7,Sumaila,7a,a,2,7a-r2,5,PH,Plant height (cm),NA,Not genotyped
7,Sumailia7,Sumaila,7a,a,2,7a-r2,5,SD,Stem diameter,NA,Not genotyped
7,Sumailia7,Sumaila,7a,a,2,7a-r2,6,LB,Leaf breadth (cm),NA,Not genotyped
7,Sumailia7,Sumaila,7a,a,2,7a-r2,6,LL,Leaf length (cm),5.9,Not genotyped
7,Sumailia7,Sumaila,7a,a,2,7a-r2,6,NB,Number of branches,0,Not genotyped
7,Sumailia7,Sumaila,7a,a,2,7a-r2,6,NL,Number of leaves,NA,Not genotyped
7,Sumailia7,Sumaila,7a,a,2,7a-r2,6,PH,Plant height (cm),NA,Not genotyped
7,Sumailia7,Sumaila,7a,a,2,7a-r2,6,SD,Stem diameter,NA,Not genotyped
7,Sumailia7,Sumaila,7b,b,1,7b-r1,2,LB,Leaf breadth (cm),4.2,Not genotyped
7,Sumailia7,Sumaila,7b,b,1,7b-r1,2,LL,Leaf length (cm),6.4,Not genotyped
7,Sumailia7,Sumaila,7b,b,1,7b-r1,2,NB,Number of branches,NA,Not genotyped
7,Sumailia7,Sumaila,7b,b,1,7b-r1,2,NL,Number of leaves,21,Not genotyped
7,Sumailia7,Sumaila,7b,b,1,7b-r1,2,PH,Plant height (cm),16.6,Not genotyped
7,Sumailia7,Sumaila,7b,b,1,7b-r1,2,SD,Stem diameter,NA,Not genotyped
7,Sumailia7,Sumaila,7b,b,1,7b-r1,3,LB,Leaf breadth (cm),4.2,Not genotyped
7,Sumailia7,Sumaila,7b,b,1,7b-r1,3,LL,Leaf length (cm),7.8,Not genotyped
7,Sumailia7,Sumaila,7b,b,1,7b-r1,3,NB,Number of branches,NA,Not genotyped
7,Sumailia7,Sumaila,7b,b,1,7b-r1,3,NL,Number of leaves,23,Not genotyped
7,Sumailia7,Sumaila,7b,b,1,7b-r1,3,PH,Plant height (cm),18,Not genotyped
7,Sumailia7,Sumaila,7b,b,1,7b-r1,3,SD,Stem diameter,NA,Not genotyped
7,Sumailia7,Sumaila,7b,b,1,7b-r1,4,LB,Leaf breadth (cm),4.6,Not genotyped
7,Sumailia7,Sumaila,7b,b,1,7b-r1,4,LL,Leaf length (cm),8,Not genotyped
7,Sumailia7,Sumaila,7b,b,1,7b-r1,4,NB,Number of branches,NA,Not genotyped
7,Sumailia7,Sumaila,7b,b,1,7b-r1,4,NL,Number of leaves,25,Not genotyped
7,Sumailia7,Sumaila,7b,b,1,7b-r1,4,PH,Plant height (cm),22.3,Not genotyped
7,Sumailia7,Sumaila,7b,b,1,7b-r1,4,SD,Stem diameter,0.46,Not genotyped
7,Sumailia7,Sumaila,7b,b,1,7b-r1,5,LB,Leaf breadth (cm),4.4,Not genotyped
7,Sumailia7,Sumaila,7b,b,1,7b-r1,5,LL,Leaf length (cm),7,Not genotyped
7,Sumailia7,Sumaila,7b,b,1,7b-r1,5,NB,Number of branches,1,Not genotyped
7,Sumailia7,Sumaila,7b,b,1,7b-r1,5,NL,Number of leaves,73,Not genotyped
7,Sumailia7,Sumaila,7b,b,1,7b-r1,5,PH,Plant height (cm),24,Not genotyped
7,Sumailia7,Sumaila,7b,b,1,7b-r1,5,SD,Stem diameter,0.6,Not genotyped
7,Sumailia7,Sumaila,7b,b,1,7b-r1,6,LB,Leaf breadth (cm),4.4,Not genotyped
7,Sumailia7,Sumaila,7b,b,1,7b-r1,6,LL,Leaf length (cm),8.1,Not genotyped
7,Sumailia7,Sumaila,7b,b,1,7b-r1,6,NB,Number of branches,1,Not genotyped
7,Sumailia7,Sumaila,7b,b,1,7b-r1,6,NL,Number of leaves,79,Not genotyped
7,Sumailia7,Sumaila,7b,b,1,7b-r1,6,PH,Plant height (cm),26,Not genotyped
7,Sumailia7,Sumaila,7b,b,1,7b-r1,6,SD,Stem diameter,0.6,Not genotyped
7,Sumailia7,Sumaila,7b,b,2,7b-r2,2,LB,Leaf breadth (cm),6.5,Not genotyped
7,Sumailia7,Sumaila,7b,b,2,7b-r2,2,LL,Leaf length (cm),8.5,Not genotyped
7,Sumailia7,Sumaila,7b,b,2,7b-r2,2,NB,Number of branches,0,Not genotyped
7,Sumailia7,Sumaila,7b,b,2,7b-r2,2,NL,Number of leaves,23,Not genotyped
7,Sumailia7,Sumaila,7b,b,2,7b-r2,2,PH,Plant height (cm),43,Not genotyped
7,Sumailia7,Sumaila,7b,b,2,7b-r2,2,SD,Stem diameter,NA,Not genotyped
7,Sumailia7,Sumaila,7b,b,2,7b-r2,3,LB,Leaf breadth (cm),7,Not genotyped
7,Sumailia7,Sumaila,7b,b,2,7b-r2,3,LL,Leaf length (cm),11.3,Not genotyped
7,Sumailia7,Sumaila,7b,b,2,7b-r2,3,NB,Number of branches,0,Not genotyped
7,Sumailia7,Sumaila,7b,b,2,7b-r2,3,NL,Number of leaves,51,Not genotyped
7,Sumailia7,Sumaila,7b,b,2,7b-r2,3,PH,Plant height (cm),160,Not genotyped
7,Sumailia7,Sumaila,7b,b,2,7b-r2,3,SD,Stem diameter,3.6,Not genotyped
7,Sumailia7,Sumaila,7b,b,2,7b-r2,4,LB,Leaf breadth (cm),6.2,Not genotyped
7,Sumailia7,Sumaila,7b,b,2,7b-r2,4,LL,Leaf length (cm),10.3,Not genotyped
7,Sumailia7,Sumaila,7b,b,2,7b-r2,4,NB,Number of branches,0,Not genotyped
7,Sumailia7,Sumaila,7b,b,2,7b-r2,4,NL,Number of leaves,65,Not genotyped
7,Sumailia7,Sumaila,7b,b,2,7b-r2,4,PH,Plant height (cm),260,Not genotyped
7,Sumailia7,Sumaila,7b,b,2,7b-r2,4,SD,Stem diameter,3.55,Not genotyped
7,Sumailia7,Sumaila,7b,b,2,7b-r2,5,LB,Leaf breadth (cm),3.7,Not genotyped
7,Sumailia7,Sumaila,7b,b,2,7b-r2,5,LL,Leaf length (cm),7.5,Not genotyped
7,Sumailia7,Sumaila,7b,b,2,7b-r2,5,NB,Number of branches,0,Not genotyped
7,Sumailia7,Sumaila,7b,b,2,7b-r2,5,NL,Number of leaves,10,Not genotyped
7,Sumailia7,Sumaila,7b,b,2,7b-r2,5,PH,Plant height (cm),260,Not genotyped
7,Sumailia7,Sumaila,7b,b,2,7b-r2,5,SD,Stem diameter,3.65,Not genotyped
7,Sumailia7,Sumaila,7b,b,2,7b-r2,6,LB,Leaf breadth (cm),5.6,Not genotyped
7,Sumailia7,Sumaila,7b,b,2,7b-r2,6,LL,Leaf length (cm),NA,Not genotyped
7,Sumailia7,Sumaila,7b,b,2,7b-r2,6,NB,Number of branches,0,Not genotyped
7,Sumailia7,Sumaila,7b,b,2,7b-r2,6,NL,Number of leaves,8,Not genotyped
7,Sumailia7,Sumaila,7b,b,2,7b-r2,6,PH,Plant height (cm),260,Not genotyped
7,Sumailia7,Sumaila,7b,b,2,7b-r2,6,SD,Stem diameter,3.65,Not genotyped
8,Gani8,Sumaila,8a,a,1,8a-r1,2,LB,Leaf breadth (cm),4.3,Amplified
8,Gani8,Sumaila,8a,a,1,8a-r1,2,LL,Leaf length (cm),8.5,Amplified
8,Gani8,Sumaila,8a,a,1,8a-r1,2,NB,Number of branches,1,Amplified
8,Gani8,Sumaila,8a,a,1,8a-r1,2,NL,Number of leaves,26,Amplified
8,Gani8,Sumaila,8a,a,1,8a-r1,2,PH,Plant height (cm),23.4,Amplified
8,Gani8,Sumaila,8a,a,1,8a-r1,2,SD,Stem diameter,NA,Amplified
8,Gani8,Sumaila,8a,a,1,8a-r1,3,LB,Leaf breadth (cm),4.5,Amplified
8,Gani8,Sumaila,8a,a,1,8a-r1,3,LL,Leaf length (cm),9,Amplified
8,Gani8,Sumaila,8a,a,1,8a-r1,3,NB,Number of branches,NA,Amplified
8,Gani8,Sumaila,8a,a,1,8a-r1,3,NL,Number of leaves,31,Amplified
8,Gani8,Sumaila,8a,a,1,8a-r1,3,PH,Plant height (cm),28,Amplified
8,Gani8,Sumaila,8a,a,1,8a-r1,3,SD,Stem diameter,NA,Amplified
8,Gani8,Sumaila,8a,a,1,8a-r1,4,LB,Leaf breadth (cm),5.3,Amplified
8,Gani8,Sumaila,8a,a,1,8a-r1,4,LL,Leaf length (cm),10,Amplified
8,Gani8,Sumaila,8a,a,1,8a-r1,4,NB,Number of branches,2,Amplified
8,Gani8,Sumaila,8a,a,1,8a-r1,4,NL,Number of leaves,53,Amplified
8,Gani8,Sumaila,8a,a,1,8a-r1,4,PH,Plant height (cm),30.3,Amplified
8,Gani8,Sumaila,8a,a,1,8a-r1,4,SD,Stem diameter,0.45,Amplified
8,Gani8,Sumaila,8a,a,1,8a-r1,5,LB,Leaf breadth (cm),5.5,Amplified
8,Gani8,Sumaila,8a,a,1,8a-r1,5,LL,Leaf length (cm),8.5,Amplified
8,Gani8,Sumaila,8a,a,1,8a-r1,5,NB,Number of branches,2,Amplified
8,Gani8,Sumaila,8a,a,1,8a-r1,5,NL,Number of leaves,102,Amplified
8,Gani8,Sumaila,8a,a,1,8a-r1,5,PH,Plant height (cm),31,Amplified
8,Gani8,Sumaila,8a,a,1,8a-r1,5,SD,Stem diameter,0.45,Amplified
8,Gani8,Sumaila,8a,a,1,8a-r1,6,LB,Leaf breadth (cm),5.3,Amplified
8,Gani8,Sumaila,8a,a,1,8a-r1,6,LL,Leaf length (cm),6,Amplified
8,Gani8,Sumaila,8a,a,1,8a-r1,6,NB,Number of branches,2,Amplified
8,Gani8,Sumaila,8a,a,1,8a-r1,6,NL,Number of leaves,94,Amplified
8,Gani8,Sumaila,8a,a,1,8a-r1,6,PH,Plant height (cm),40,Amplified
8,Gani8,Sumaila,8a,a,1,8a-r1,6,SD,Stem diameter,0.45,Amplified
8,Gani8,Sumaila,8a,a,2,8a-r2,2,LB,Leaf breadth (cm),7.5,Amplified
8,Gani8,Sumaila,8a,a,2,8a-r2,2,LL,Leaf length (cm),12,Amplified
8,Gani8,Sumaila,8a,a,2,8a-r2,2,NB,Number of branches,0,Amplified
8,Gani8,Sumaila,8a,a,2,8a-r2,2,NL,Number of leaves,23,Amplified
8,Gani8,Sumaila,8a,a,2,8a-r2,2,PH,Plant height (cm),50,Amplified
8,Gani8,Sumaila,8a,a,2,8a-r2,2,SD,Stem diameter,NA,Amplified
8,Gani8,Sumaila,8a,a,2,8a-r2,3,LB,Leaf breadth (cm),7.1,Amplified
8,Gani8,Sumaila,8a,a,2,8a-r2,3,LL,Leaf length (cm),12.9,Amplified
8,Gani8,Sumaila,8a,a,2,8a-r2,3,NB,Number of branches,3,Amplified
8,Gani8,Sumaila,8a,a,2,8a-r2,3,NL,Number of leaves,152,Amplified
8,Gani8,Sumaila,8a,a,2,8a-r2,3,PH,Plant height (cm),160,Amplified
8,Gani8,Sumaila,8a,a,2,8a-r2,3,SD,Stem diameter,3.65,Amplified
8,Gani8,Sumaila,8a,a,2,8a-r2,4,LB,Leaf breadth (cm),7.3,Amplified
8,Gani8,Sumaila,8a,a,2,8a-r2,4,LL,Leaf length (cm),10.6,Amplified
8,Gani8,Sumaila,8a,a,2,8a-r2,4,NB,Number of branches,3,Amplified
8,Gani8,Sumaila,8a,a,2,8a-r2,4,NL,Number of leaves,170,Amplified
8,Gani8,Sumaila,8a,a,2,8a-r2,4,PH,Plant height (cm),234,Amplified
8,Gani8,Sumaila,8a,a,2,8a-r2,4,SD,Stem diameter,3.7,Amplified
8,Gani8,Sumaila,8a,a,2,8a-r2,5,LB,Leaf breadth (cm),4.3,Amplified
8,Gani8,Sumaila,8a,a,2,8a-r2,5,LL,Leaf length (cm),8,Amplified
8,Gani8,Sumaila,8a,a,2,8a-r2,5,NB,Number of branches,3,Amplified
8,Gani8,Sumaila,8a,a,2,8a-r2,5,NL,Number of leaves,153,Amplified
8,Gani8,Sumaila,8a,a,2,8a-r2,5,PH,Plant height (cm),276,Amplified
8,Gani8,Sumaila,8a,a,2,8a-r2,5,SD,Stem diameter,3.7,Amplified
8,Gani8,Sumaila,8a,a,2,8a-r2,6,LB,Leaf breadth (cm),6,Amplified
8,Gani8,Sumaila,8a,a,2,8a-r2,6,LL,Leaf length (cm),8.8,Amplified
8,Gani8,Sumaila,8a,a,2,8a-r2,6,NB,Number of branches,3,Amplified
8,Gani8,Sumaila,8a,a,2,8a-r2,6,NL,Number of leaves,138,Amplified
8,Gani8,Sumaila,8a,a,2,8a-r2,6,PH,Plant height (cm),303.6,Amplified
8,Gani8,Sumaila,8a,a,2,8a-r2,6,SD,Stem diameter,3.7,Amplified
8,Gani8,Sumaila,8b,b,1,8b-r1,2,LB,Leaf breadth (cm),1.9,Amplified
8,Gani8,Sumaila,8b,b,1,8b-r1,2,LL,Leaf length (cm),1,Amplified
8,Gani8,Sumaila,8b,b,1,8b-r1,2,NB,Number of branches,NA,Amplified
8,Gani8,Sumaila,8b,b,1,8b-r1,2,NL,Number of leaves,11,Amplified
8,Gani8,Sumaila,8b,b,1,8b-r1,2,PH,Plant height (cm),16.1,Amplified
8,Gani8,Sumaila,8b,b,1,8b-r1,2,SD,Stem diameter,NA,Amplified
8,Gani8,Sumaila,8b,b,1,8b-r1,3,LB,Leaf breadth (cm),2,Amplified
8,Gani8,Sumaila,8b,b,1,8b-r1,3,LL,Leaf length (cm),4.2,Amplified
8,Gani8,Sumaila,8b,b,1,8b-r1,3,NB,Number of branches,NA,Amplified
8,Gani8,Sumaila,8b,b,1,8b-r1,3,NL,Number of leaves,15,Amplified
8,Gani8,Sumaila,8b,b,1,8b-r1,3,PH,Plant height (cm),18,Amplified
8,Gani8,Sumaila,8b,b,1,8b-r1,3,SD,Stem diameter,NA,Amplified
8,Gani8,Sumaila,8b,b,1,8b-r1,4,LB,Leaf breadth (cm),4.2,Amplified
8,Gani8,Sumaila,8b,b,1,8b-r1,4,LL,Leaf length (cm),6.1,Amplified
8,Gani8,Sumaila,8b,b,1,8b-r1,4,NB,Number of branches,NA,Amplified
8,Gani8,Sumaila,8b,b,1,8b-r1,4,NL,Number of leaves,30,Amplified
8,Gani8,Sumaila,8b,b,1,8b-r1,4,PH,Plant height (cm),21,Amplified
8,Gani8,Sumaila,8b,b,1,8b-r1,4,SD,Stem diameter,0.49,Amplified
8,Gani8,Sumaila,8b,b,1,8b-r1,5,LB,Leaf breadth (cm),NA,Amplified
8,Gani8,Sumaila,8b,b,1,8b-r1,5,LL,Leaf length (cm),NA,Amplified
8,Gani8,Sumaila,8b,b,1,8b-r1,5,NB,Number of branches,NA,Amplified
8,Gani8,Sumaila,8b,b,1,8b-r1,5,NL,Number of leaves,NA,Amplified
8,Gani8,Sumaila,8b,b,1,8b-r1,5,PH,Plant height (cm),NA,Amplified
8,Gani8,Sumaila,8b,b,1,8b-r1,5,SD,Stem diameter,NA,Amplified
8,Gani8,Sumaila,8b,b,1,8b-r1,6,LB,Leaf breadth (cm),NA,Amplified
8,Gani8,Sumaila,8b,b,1,8b-r1,6,LL,Leaf length (cm),NA,Amplified
8,Gani8,Sumaila,8b,b,1,8b-r1,6,NB,Number of branches,NA,Amplified
8,Gani8,Sumaila,8b,b,1,8b-r1,6,NL,Number of leaves,NA,Amplified
8,Gani8,Sumaila,8b,b,1,8b-r1,6,PH,Plant height (cm),NA,Amplified
8,Gani8,Sumaila,8b,b,1,8b-r1,6,SD,Stem diameter,NA,Amplified
8,Gani8,Sumaila,8b,b,2,8b-r2,2,LB,Leaf breadth (cm),6.2,Amplified
8,Gani8,Sumaila,8b,b,2,8b-r2,2,LL,Leaf length (cm),8,Amplified
8,Gani8,Sumaila,8b,b,2,8b-r2,2,NB,Number of branches,2,Amplified
8,Gani8,Sumaila,8b,b,2,8b-r2,2,NL,Number of leaves,32,Amplified
8,Gani8,Sumaila,8b,b,2,8b-r2,2,PH,Plant height (cm),46,Amplified
8,Gani8,Sumaila,8b,b,2,8b-r2,2,SD,Stem diameter,NA,Amplified
8,Gani8,Sumaila,8b,b,2,8b-r2,3,LB,Leaf breadth (cm),5.6,Amplified
8,Gani8,Sumaila,8b,b,2,8b-r2,3,LL,Leaf length (cm),8.6,Amplified
8,Gani8,Sumaila,8b,b,2,8b-r2,3,NB,Number of branches,2,Amplified
8,Gani8,Sumaila,8b,b,2,8b-r2,3,NL,Number of leaves,143,Amplified
8,Gani8,Sumaila,8b,b,2,8b-r2,3,PH,Plant height (cm),150,Amplified
8,Gani8,Sumaila,8b,b,2,8b-r2,3,SD,Stem diameter,3.7,Amplified
8,Gani8,Sumaila,8b,b,2,8b-r2,4,LB,Leaf breadth (cm),6.7,Amplified
8,Gani8,Sumaila,8b,b,2,8b-r2,4,LL,Leaf length (cm),8.2,Amplified
8,Gani8,Sumaila,8b,b,2,8b-r2,4,NB,Number of branches,2,Amplified
8,Gani8,Sumaila,8b,b,2,8b-r2,4,NL,Number of leaves,160,Amplified
8,Gani8,Sumaila,8b,b,2,8b-r2,4,PH,Plant height (cm),240,Amplified
8,Gani8,Sumaila,8b,b,2,8b-r2,4,SD,Stem diameter,3.7,Amplified
8,Gani8,Sumaila,8b,b,2,8b-r2,5,LB,Leaf breadth (cm),5.2,Amplified
8,Gani8,Sumaila,8b,b,2,8b-r2,5,LL,Leaf length (cm),6.5,Amplified
8,Gani8,Sumaila,8b,b,2,8b-r2,5,NB,Number of branches,2,Amplified
8,Gani8,Sumaila,8b,b,2,8b-r2,5,NL,Number of leaves,161,Amplified
8,Gani8,Sumaila,8b,b,2,8b-r2,5,PH,Plant height (cm),240,Amplified
8,Gani8,Sumaila,8b,b,2,8b-r2,5,SD,Stem diameter,3.8,Amplified
8,Gani8,Sumaila,8b,b,2,8b-r2,6,LB,Leaf breadth (cm),5.5,Amplified
8,Gani8,Sumaila,8b,b,2,8b-r2,6,LL,Leaf length (cm),NA,Amplified
8,Gani8,Sumaila,8b,b,2,8b-r2,6,NB,Number of branches,2,Amplified
8,Gani8,Sumaila,8b,b,2,8b-r2,6,NL,Number of leaves,177,Amplified
8,Gani8,Sumaila,8b,b,2,8b-r2,6,PH,Plant height (cm),240,Amplified
8,Gani8,Sumaila,8b,b,2,8b-r2,6,SD,Stem diameter,3.8,Amplified
9,Rano9,Rano,9a,a,1,9a-r1,2,LB,Leaf breadth (cm),6.2,Not genotyped
9,Rano9,Rano,9a,a,1,9a-r1,2,LL,Leaf length (cm),10.4,Not genotyped
9,Rano9,Rano,9a,a,1,9a-r1,2,NB,Number of branches,1,Not genotyped
9,Rano9,Rano,9a,a,1,9a-r1,2,NL,Number of leaves,29,Not genotyped
9,Rano9,Rano,9a,a,1,9a-r1,2,PH,Plant height (cm),21.9,Not genotyped
9,Rano9,Rano,9a,a,1,9a-r1,2,SD,Stem diameter,NA,Not genotyped
9,Rano9,Rano,9a,a,1,9a-r1,3,LB,Leaf breadth (cm),6.2,Not genotyped
9,Rano9,Rano,9a,a,1,9a-r1,3,LL,Leaf length (cm),10,Not genotyped
9,Rano9,Rano,9a,a,1,9a-r1,3,NB,Number of branches,1,Not genotyped
9,Rano9,Rano,9a,a,1,9a-r1,3,NL,Number of leaves,35,Not genotyped
9,Rano9,Rano,9a,a,1,9a-r1,3,PH,Plant height (cm),25.2,Not genotyped
9,Rano9,Rano,9a,a,1,9a-r1,3,SD,Stem diameter,NA,Not genotyped
9,Rano9,Rano,9a,a,1,9a-r1,4,LB,Leaf breadth (cm),6.2,Not genotyped
9,Rano9,Rano,9a,a,1,9a-r1,4,LL,Leaf length (cm),11.6,Not genotyped
9,Rano9,Rano,9a,a,1,9a-r1,4,NB,Number of branches,2,Not genotyped
9,Rano9,Rano,9a,a,1,9a-r1,4,NL,Number of leaves,45,Not genotyped
9,Rano9,Rano,9a,a,1,9a-r1,4,PH,Plant height (cm),25.1,Not genotyped
9,Rano9,Rano,9a,a,1,9a-r1,4,SD,Stem diameter,0.5,Not genotyped
9,Rano9,Rano,9a,a,1,9a-r1,5,LB,Leaf breadth (cm),NA,Not genotyped
9,Rano9,Rano,9a,a,1,9a-r1,5,LL,Leaf length (cm),NA,Not genotyped
9,Rano9,Rano,9a,a,1,9a-r1,5,NB,Number of branches,2,Not genotyped
9,Rano9,Rano,9a,a,1,9a-r1,5,NL,Number of leaves,NA,Not genotyped
9,Rano9,Rano,9a,a,1,9a-r1,5,PH,Plant height (cm),NA,Not genotyped
9,Rano9,Rano,9a,a,1,9a-r1,5,SD,Stem diameter,NA,Not genotyped
9,Rano9,Rano,9a,a,1,9a-r1,6,LB,Leaf breadth (cm),NA,Not genotyped
9,Rano9,Rano,9a,a,1,9a-r1,6,LL,Leaf length (cm),NA,Not genotyped
9,Rano9,Rano,9a,a,1,9a-r1,6,NB,Number of branches,2,Not genotyped
9,Rano9,Rano,9a,a,1,9a-r1,6,NL,Number of leaves,NA,Not genotyped
9,Rano9,Rano,9a,a,1,9a-r1,6,PH,Plant height (cm),NA,Not genotyped
9,Rano9,Rano,9a,a,1,9a-r1,6,SD,Stem diameter,NA,Not genotyped
9,Rano9,Rano,9a,a,2,9a-r2,2,LB,Leaf breadth (cm),NA,Not genotyped
9,Rano9,Rano,9a,a,2,9a-r2,2,LL,Leaf length (cm),NA,Not genotyped
9,Rano9,Rano,9a,a,2,9a-r2,2,NB,Number of branches,0,Not genotyped
9,Rano9,Rano,9a,a,2,9a-r2,2,NL,Number of leaves,NA,Not genotyped
9,Rano9,Rano,9a,a,2,9a-r2,2,PH,Plant height (cm),NA,Not genotyped
9,Rano9,Rano,9a,a,2,9a-r2,2,SD,Stem diameter,NA,Not genotyped
9,Rano9,Rano,9a,a,2,9a-r2,3,LB,Leaf breadth (cm),NA,Not genotyped
9,Rano9,Rano,9a,a,2,9a-r2,3,LL,Leaf length (cm),NA,Not genotyped
9,Rano9,Rano,9a,a,2,9a-r2,3,NB,Number of branches,0,Not genotyped
9,Rano9,Rano,9a,a,2,9a-r2,3,NL,Number of leaves,NA,Not genotyped
9,Rano9,Rano,9a,a,2,9a-r2,3,PH,Plant height (cm),NA,Not genotyped
9,Rano9,Rano,9a,a,2,9a-r2,3,SD,Stem diameter,NA,Not genotyped
9,Rano9,Rano,9a,a,2,9a-r2,4,LB,Leaf breadth (cm),NA,Not genotyped
9,Rano9,Rano,9a,a,2,9a-r2,4,LL,Leaf length (cm),NA,Not genotyped
9,Rano9,Rano,9a,a,2,9a-r2,4,NB,Number of branches,0,Not genotyped
9,Rano9,Rano,9a,a,2,9a-r2,4,NL,Number of leaves,NA,Not genotyped
9,Rano9,Rano,9a,a,2,9a-r2,4,PH,Plant height (cm),NA,Not genotyped
9,Rano9,Rano,9a,a,2,9a-r2,4,SD,Stem diameter,NA,Not genotyped
9,Rano9,Rano,9a,a,2,9a-r2,5,LB,Leaf breadth (cm),NA,Not genotyped
9,Rano9,Rano,9a,a,2,9a-r2,5,LL,Leaf length (cm),NA,Not genotyped
9,Rano9,Rano,9a,a,2,9a-r2,5,NB,Number of branches,0,Not genotyped
9,Rano9,Rano,9a,a,2,9a-r2,5,NL,Number of leaves,NA,Not genotyped
9,Rano9,Rano,9a,a,2,9a-r2,5,PH,Plant height (cm),NA,Not genotyped
9,Rano9,Rano,9a,a,2,9a-r2,5,SD,Stem diameter,NA,Not genotyped
9,Rano9,Rano,9a,a,2,9a-r2,6,LB,Leaf breadth (cm),NA,Not genotyped
9,Rano9,Rano,9a,a,2,9a-r2,6,LL,Leaf length (cm),10,Not genotyped
9,Rano9,Rano,9a,a,2,9a-r2,6,NB,Number of branches,0,Not genotyped
9,Rano9,Rano,9a,a,2,9a-r2,6,NL,Number of leaves,NA,Not genotyped
9,Rano9,Rano,9a,a,2,9a-r2,6,PH,Plant height (cm),NA,Not genotyped
9,Rano9,Rano,9a,a,2,9a-r2,6,SD,Stem diameter,NA,Not genotyped
9,Rano9,Rano,9b,b,1,9b-r1,2,LB,Leaf breadth (cm),6.2,Not genotyped
9,Rano9,Rano,9b,b,1,9b-r1,2,LL,Leaf length (cm),10.6,Not genotyped
9,Rano9,Rano,9b,b,1,9b-r1,2,NB,Number of branches,1,Not genotyped
9,Rano9,Rano,9b,b,1,9b-r1,2,NL,Number of leaves,21,Not genotyped
9,Rano9,Rano,9b,b,1,9b-r1,2,PH,Plant height (cm),38.3,Not genotyped
9,Rano9,Rano,9b,b,1,9b-r1,2,SD,Stem diameter,NA,Not genotyped
9,Rano9,Rano,9b,b,1,9b-r1,3,LB,Leaf breadth (cm),6.9,Not genotyped
9,Rano9,Rano,9b,b,1,9b-r1,3,LL,Leaf length (cm),11.1,Not genotyped
9,Rano9,Rano,9b,b,1,9b-r1,3,NB,Number of branches,1,Not genotyped
9,Rano9,Rano,9b,b,1,9b-r1,3,NL,Number of leaves,22,Not genotyped
9,Rano9,Rano,9b,b,1,9b-r1,3,PH,Plant height (cm),84,Not genotyped
9,Rano9,Rano,9b,b,1,9b-r1,3,SD,Stem diameter,NA,Not genotyped
9,Rano9,Rano,9b,b,1,9b-r1,4,LB,Leaf breadth (cm),6.9,Not genotyped
9,Rano9,Rano,9b,b,1,9b-r1,4,LL,Leaf length (cm),12.7,Not genotyped
9,Rano9,Rano,9b,b,1,9b-r1,4,NB,Number of branches,3,Not genotyped
9,Rano9,Rano,9b,b,1,9b-r1,4,NL,Number of leaves,35,Not genotyped
9,Rano9,Rano,9b,b,1,9b-r1,4,PH,Plant height (cm),134.1,Not genotyped
9,Rano9,Rano,9b,b,1,9b-r1,4,SD,Stem diameter,0.64,Not genotyped
9,Rano9,Rano,9b,b,1,9b-r1,5,LB,Leaf breadth (cm),6.4,Not genotyped
9,Rano9,Rano,9b,b,1,9b-r1,5,LL,Leaf length (cm),11,Not genotyped
9,Rano9,Rano,9b,b,1,9b-r1,5,NB,Number of branches,3,Not genotyped
9,Rano9,Rano,9b,b,1,9b-r1,5,NL,Number of leaves,24,Not genotyped
9,Rano9,Rano,9b,b,1,9b-r1,5,PH,Plant height (cm),171,Not genotyped
9,Rano9,Rano,9b,b,1,9b-r1,5,SD,Stem diameter,0.7,Not genotyped
9,Rano9,Rano,9b,b,1,9b-r1,6,LB,Leaf breadth (cm),6.2,Not genotyped
9,Rano9,Rano,9b,b,1,9b-r1,6,LL,Leaf length (cm),11,Not genotyped
9,Rano9,Rano,9b,b,1,9b-r1,6,NB,Number of branches,3,Not genotyped
9,Rano9,Rano,9b,b,1,9b-r1,6,NL,Number of leaves,101,Not genotyped
9,Rano9,Rano,9b,b,1,9b-r1,6,PH,Plant height (cm),180,Not genotyped
9,Rano9,Rano,9b,b,1,9b-r1,6,SD,Stem diameter,0.7,Not genotyped
9,Rano9,Rano,9b,b,2,9b-r2,2,LB,Leaf breadth (cm),NA,Not genotyped
9,Rano9,Rano,9b,b,2,9b-r2,2,LL,Leaf length (cm),NA,Not genotyped
9,Rano9,Rano,9b,b,2,9b-r2,2,NB,Number of branches,0,Not genotyped
9,Rano9,Rano,9b,b,2,9b-r2,2,NL,Number of leaves,NA,Not genotyped
9,Rano9,Rano,9b,b,2,9b-r2,2,PH,Plant height (cm),NA,Not genotyped
9,Rano9,Rano,9b,b,2,9b-r2,2,SD,Stem diameter,NA,Not genotyped
9,Rano9,Rano,9b,b,2,9b-r2,3,LB,Leaf breadth (cm),4.1,Not genotyped
9,Rano9,Rano,9b,b,2,9b-r2,3,LL,Leaf length (cm),6.8,Not genotyped
9,Rano9,Rano,9b,b,2,9b-r2,3,NB,Number of branches,0,Not genotyped
9,Rano9,Rano,9b,b,2,9b-r2,3,NL,Number of leaves,5,Not genotyped
9,Rano9,Rano,9b,b,2,9b-r2,3,PH,Plant height (cm),17,Not genotyped
9,Rano9,Rano,9b,b,2,9b-r2,3,SD,Stem diameter,3.7,Not genotyped
9,Rano9,Rano,9b,b,2,9b-r2,4,LB,Leaf breadth (cm),5.4,Not genotyped
9,Rano9,Rano,9b,b,2,9b-r2,4,LL,Leaf length (cm),8.1,Not genotyped
9,Rano9,Rano,9b,b,2,9b-r2,4,NB,Number of branches,0,Not genotyped
9,Rano9,Rano,9b,b,2,9b-r2,4,NL,Number of leaves,12,Not genotyped
9,Rano9,Rano,9b,b,2,9b-r2,4,PH,Plant height (cm),23.5,Not genotyped
9,Rano9,Rano,9b,b,2,9b-r2,4,SD,Stem diameter,3.4,Not genotyped
9,Rano9,Rano,9b,b,2,9b-r2,5,LB,Leaf breadth (cm),5.4,Not genotyped
9,Rano9,Rano,9b,b,2,9b-r2,5,LL,Leaf length (cm),8.5,Not genotyped
9,Rano9,Rano,9b,b,2,9b-r2,5,NB,Number of branches,3,Not genotyped
9,Rano9,Rano,9b,b,2,9b-r2,5,NL,Number of leaves,42,Not genotyped
9,Rano9,Rano,9b,b,2,9b-r2,5,PH,Plant height (cm),40,Not genotyped
9,Rano9,Rano,9b,b,2,9b-r2,5,SD,Stem diameter,3.6,Not genotyped
9,Rano9,Rano,9b,b,2,9b-r2,6,LB,Leaf breadth (cm),5.5,Not genotyped
9,Rano9,Rano,9b,b,2,9b-r2,6,LL,Leaf length (cm),11.9,Not genotyped
9,Rano9,Rano,9b,b,2,9b-r2,6,NB,Number of branches,3,Not genotyped
9,Rano9,Rano,9b,b,2,9b-r2,6,NL,Number of leaves,46,Not genotyped
9,Rano9,Rano,9b,b,2,9b-r2,6,PH,Plant height (cm),46.7,Not genotyped
9,Rano9,Rano,9b,b,2,9b-r2,6,SD,Stem diameter,3.6,Not genotyped
10,Ruwan10,Rano,10a,a,1,10a-r1,2,LB,Leaf breadth (cm),6.1,Not genotyped
10,Ruwan10,Rano,10a,a,1,10a-r1,2,LL,Leaf length (cm),6.8,Not genotyped
10,Ruwan10,Rano,10a,a,1,10a-r1,2,NB,Number of branches,NA,Not genotyped
10,Ruwan10,Rano,10a,a,1,10a-r1,2,NL,Number of leaves,21,Not genotyped
10,Ruwan10,Rano,10a,a,1,10a-r1,2,PH,Plant height (cm),15.2,Not genotyped
10,Ruwan10,Rano,10a,a,1,10a-r1,2,SD,Stem diameter,NA,Not genotyped
10,Ruwan10,Rano,10a,a,1,10a-r1,3,LB,Leaf breadth (cm),6.2,Not genotyped
10,Ruwan10,Rano,10a,a,1,10a-r1,3,LL,Leaf length (cm),6.9,Not genotyped
10,Ruwan10,Rano,10a,a,1,10a-r1,3,NB,Number of branches,NA,Not genotyped
10,Ruwan10,Rano,10a,a,1,10a-r1,3,NL,Number of leaves,22,Not genotyped
10,Ruwan10,Rano,10a,a,1,10a-r1,3,PH,Plant height (cm),16.1,Not genotyped
10,Ruwan10,Rano,10a,a,1,10a-r1,3,SD,Stem diameter,NA,Not genotyped
10,Ruwan10,Rano,10a,a,1,10a-r1,4,LB,Leaf breadth (cm),7.1,Not genotyped
10,Ruwan10,Rano,10a,a,1,10a-r1,4,LL,Leaf length (cm),12.5,Not genotyped
10,Ruwan10,Rano,10a,a,1,10a-r1,4,NB,Number of branches,NA,Not genotyped
10,Ruwan10,Rano,10a,a,1,10a-r1,4,NL,Number of leaves,35,Not genotyped
10,Ruwan10,Rano,10a,a,1,10a-r1,4,PH,Plant height (cm),66.1,Not genotyped
10,Ruwan10,Rano,10a,a,1,10a-r1,4,SD,Stem diameter,0.5,Not genotyped
10,Ruwan10,Rano,10a,a,1,10a-r1,5,LB,Leaf breadth (cm),6,Not genotyped
10,Ruwan10,Rano,10a,a,1,10a-r1,5,LL,Leaf length (cm),11,Not genotyped
10,Ruwan10,Rano,10a,a,1,10a-r1,5,NB,Number of branches,NA,Not genotyped
10,Ruwan10,Rano,10a,a,1,10a-r1,5,NL,Number of leaves,24,Not genotyped
10,Ruwan10,Rano,10a,a,1,10a-r1,5,PH,Plant height (cm),63,Not genotyped
10,Ruwan10,Rano,10a,a,1,10a-r1,5,SD,Stem diameter,0.6,Not genotyped
10,Ruwan10,Rano,10a,a,1,10a-r1,6,LB,Leaf breadth (cm),6,Not genotyped
10,Ruwan10,Rano,10a,a,1,10a-r1,6,LL,Leaf length (cm),10.7,Not genotyped
10,Ruwan10,Rano,10a,a,1,10a-r1,6,NB,Number of branches,NA,Not genotyped
10,Ruwan10,Rano,10a,a,1,10a-r1,6,NL,Number of leaves,30,Not genotyped
10,Ruwan10,Rano,10a,a,1,10a-r1,6,PH,Plant height (cm),60,Not genotyped
10,Ruwan10,Rano,10a,a,1,10a-r1,6,SD,Stem diameter,0.6,Not genotyped
10,Ruwan10,Rano,10a,a,2,10a-r2,2,LB,Leaf breadth (cm),NA,Not genotyped
10,Ruwan10,Rano,10a,a,2,10a-r2,2,LL,Leaf length (cm),NA,Not genotyped
10,Ruwan10,Rano,10a,a,2,10a-r2,2,NB,Number of branches,0,Not genotyped
10,Ruwan10,Rano,10a,a,2,10a-r2,2,NL,Number of leaves,NA,Not genotyped
10,Ruwan10,Rano,10a,a,2,10a-r2,2,PH,Plant height (cm),NA,Not genotyped
10,Ruwan10,Rano,10a,a,2,10a-r2,2,SD,Stem diameter,NA,Not genotyped
10,Ruwan10,Rano,10a,a,2,10a-r2,3,LB,Leaf breadth (cm),NA,Not genotyped
10,Ruwan10,Rano,10a,a,2,10a-r2,3,LL,Leaf length (cm),NA,Not genotyped
10,Ruwan10,Rano,10a,a,2,10a-r2,3,NB,Number of branches,0,Not genotyped
10,Ruwan10,Rano,10a,a,2,10a-r2,3,NL,Number of leaves,NA,Not genotyped
10,Ruwan10,Rano,10a,a,2,10a-r2,3,PH,Plant height (cm),NA,Not genotyped
10,Ruwan10,Rano,10a,a,2,10a-r2,3,SD,Stem diameter,NA,Not genotyped
10,Ruwan10,Rano,10a,a,2,10a-r2,4,LB,Leaf breadth (cm),NA,Not genotyped
10,Ruwan10,Rano,10a,a,2,10a-r2,4,LL,Leaf length (cm),NA,Not genotyped
10,Ruwan10,Rano,10a,a,2,10a-r2,4,NB,Number of branches,0,Not genotyped
10,Ruwan10,Rano,10a,a,2,10a-r2,4,NL,Number of leaves,NA,Not genotyped
10,Ruwan10,Rano,10a,a,2,10a-r2,4,PH,Plant height (cm),NA,Not genotyped
10,Ruwan10,Rano,10a,a,2,10a-r2,4,SD,Stem diameter,NA,Not genotyped
10,Ruwan10,Rano,10a,a,2,10a-r2,5,LB,Leaf breadth (cm),NA,Not genotyped
10,Ruwan10,Rano,10a,a,2,10a-r2,5,LL,Leaf length (cm),NA,Not genotyped
10,Ruwan10,Rano,10a,a,2,10a-r2,5,NB,Number of branches,0,Not genotyped
10,Ruwan10,Rano,10a,a,2,10a-r2,5,NL,Number of leaves,NA,Not genotyped
10,Ruwan10,Rano,10a,a,2,10a-r2,5,PH,Plant height (cm),NA,Not genotyped
10,Ruwan10,Rano,10a,a,2,10a-r2,5,SD,Stem diameter,NA,Not genotyped
10,Ruwan10,Rano,10a,a,2,10a-r2,6,LB,Leaf breadth (cm),NA,Not genotyped
10,Ruwan10,Rano,10a,a,2,10a-r2,6,LL,Leaf length (cm),10.8,Not genotyped
10,Ruwan10,Rano,10a,a,2,10a-r2,6,NB,Number of branches,0,Not genotyped
10,Ruwan10,Rano,10a,a,2,10a-r2,6,NL,Number of leaves,NA,Not genotyped
10,Ruwan10,Rano,10a,a,2,10a-r2,6,PH,Plant height (cm),NA,Not genotyped
10,Ruwan10,Rano,10a,a,2,10a-r2,6,SD,Stem diameter,NA,Not genotyped
10,Ruwan10,Rano,10b,b,1,10b-r1,2,LB,Leaf breadth (cm),5.1,Not genotyped
10,Ruwan10,Rano,10b,b,1,10b-r1,2,LL,Leaf length (cm),7.7,Not genotyped
10,Ruwan10,Rano,10b,b,1,10b-r1,2,NB,Number of branches,NA,Not genotyped
10,Ruwan10,Rano,10b,b,1,10b-r1,2,NL,Number of leaves,25,Not genotyped
10,Ruwan10,Rano,10b,b,1,10b-r1,2,PH,Plant height (cm),37.2,Not genotyped
10,Ruwan10,Rano,10b,b,1,10b-r1,2,SD,Stem diameter,NA,Not genotyped
10,Ruwan10,Rano,10b,b,1,10b-r1,3,LB,Leaf breadth (cm),6.1,Not genotyped
10,Ruwan10,Rano,10b,b,1,10b-r1,3,LL,Leaf length (cm),8.7,Not genotyped
10,Ruwan10,Rano,10b,b,1,10b-r1,3,NB,Number of branches,NA,Not genotyped
10,Ruwan10,Rano,10b,b,1,10b-r1,3,NL,Number of leaves,28,Not genotyped
10,Ruwan10,Rano,10b,b,1,10b-r1,3,PH,Plant height (cm),39.9,Not genotyped
10,Ruwan10,Rano,10b,b,1,10b-r1,3,SD,Stem diameter,NA,Not genotyped
10,Ruwan10,Rano,10b,b,1,10b-r1,4,LB,Leaf breadth (cm),7.3,Not genotyped
10,Ruwan10,Rano,10b,b,1,10b-r1,4,LL,Leaf length (cm),11.8,Not genotyped
10,Ruwan10,Rano,10b,b,1,10b-r1,4,NB,Number of branches,NA,Not genotyped
10,Ruwan10,Rano,10b,b,1,10b-r1,4,NL,Number of leaves,17,Not genotyped
10,Ruwan10,Rano,10b,b,1,10b-r1,4,PH,Plant height (cm),20.2,Not genotyped
10,Ruwan10,Rano,10b,b,1,10b-r1,4,SD,Stem diameter,0.5,Not genotyped
10,Ruwan10,Rano,10b,b,1,10b-r1,5,LB,Leaf breadth (cm),NA,Not genotyped
10,Ruwan10,Rano,10b,b,1,10b-r1,5,LL,Leaf length (cm),NA,Not genotyped
10,Ruwan10,Rano,10b,b,1,10b-r1,5,NB,Number of branches,NA,Not genotyped
10,Ruwan10,Rano,10b,b,1,10b-r1,5,NL,Number of leaves,NA,Not genotyped
10,Ruwan10,Rano,10b,b,1,10b-r1,5,PH,Plant height (cm),NA,Not genotyped
10,Ruwan10,Rano,10b,b,1,10b-r1,5,SD,Stem diameter,NA,Not genotyped
10,Ruwan10,Rano,10b,b,1,10b-r1,6,LB,Leaf breadth (cm),NA,Not genotyped
10,Ruwan10,Rano,10b,b,1,10b-r1,6,LL,Leaf length (cm),NA,Not genotyped
10,Ruwan10,Rano,10b,b,1,10b-r1,6,NB,Number of branches,NA,Not genotyped
10,Ruwan10,Rano,10b,b,1,10b-r1,6,NL,Number of leaves,NA,Not genotyped
10,Ruwan10,Rano,10b,b,1,10b-r1,6,PH,Plant height (cm),NA,Not genotyped
10,Ruwan10,Rano,10b,b,1,10b-r1,6,SD,Stem diameter,NA,Not genotyped
10,Ruwan10,Rano,10b,b,2,10b-r2,2,LB,Leaf breadth (cm),4.5,Not genotyped
10,Ruwan10,Rano,10b,b,2,10b-r2,2,LL,Leaf length (cm),10,Not genotyped
10,Ruwan10,Rano,10b,b,2,10b-r2,2,NB,Number of branches,0,Not genotyped
10,Ruwan10,Rano,10b,b,2,10b-r2,2,NL,Number of leaves,17,Not genotyped
10,Ruwan10,Rano,10b,b,2,10b-r2,2,PH,Plant height (cm),26,Not genotyped
10,Ruwan10,Rano,10b,b,2,10b-r2,2,SD,Stem diameter,NA,Not genotyped
10,Ruwan10,Rano,10b,b,2,10b-r2,3,LB,Leaf breadth (cm),4.7,Not genotyped
10,Ruwan10,Rano,10b,b,2,10b-r2,3,LL,Leaf length (cm),10.5,Not genotyped
10,Ruwan10,Rano,10b,b,2,10b-r2,3,NB,Number of branches,2,Not genotyped
10,Ruwan10,Rano,10b,b,2,10b-r2,3,NL,Number of leaves,29,Not genotyped
10,Ruwan10,Rano,10b,b,2,10b-r2,3,PH,Plant height (cm),90,Not genotyped
10,Ruwan10,Rano,10b,b,2,10b-r2,3,SD,Stem diameter,3.75,Not genotyped
10,Ruwan10,Rano,10b,b,2,10b-r2,4,LB,Leaf breadth (cm),4.3,Not genotyped
10,Ruwan10,Rano,10b,b,2,10b-r2,4,LL,Leaf length (cm),7.4,Not genotyped
10,Ruwan10,Rano,10b,b,2,10b-r2,4,NB,Number of branches,2,Not genotyped
10,Ruwan10,Rano,10b,b,2,10b-r2,4,NL,Number of leaves,41,Not genotyped
10,Ruwan10,Rano,10b,b,2,10b-r2,4,PH,Plant height (cm),140,Not genotyped
10,Ruwan10,Rano,10b,b,2,10b-r2,4,SD,Stem diameter,3.8,Not genotyped
10,Ruwan10,Rano,10b,b,2,10b-r2,5,LB,Leaf breadth (cm),5.7,Not genotyped
10,Ruwan10,Rano,10b,b,2,10b-r2,5,LL,Leaf length (cm),10,Not genotyped
10,Ruwan10,Rano,10b,b,2,10b-r2,5,NB,Number of branches,3,Not genotyped
10,Ruwan10,Rano,10b,b,2,10b-r2,5,NL,Number of leaves,84,Not genotyped
10,Ruwan10,Rano,10b,b,2,10b-r2,5,PH,Plant height (cm),155,Not genotyped
10,Ruwan10,Rano,10b,b,2,10b-r2,5,SD,Stem diameter,3.8,Not genotyped
10,Ruwan10,Rano,10b,b,2,10b-r2,6,LB,Leaf breadth (cm),5.2,Not genotyped
10,Ruwan10,Rano,10b,b,2,10b-r2,6,LL,Leaf length (cm),11.4,Not genotyped
10,Ruwan10,Rano,10b,b,2,10b-r2,6,NB,Number of branches,3,Not genotyped
10,Ruwan10,Rano,10b,b,2,10b-r2,6,NL,Number of leaves,92,Not genotyped
10,Ruwan10,Rano,10b,b,2,10b-r2,6,PH,Plant height (cm),167.4,Not genotyped
10,Ruwan10,Rano,10b,b,2,10b-r2,6,SD,Stem diameter,3.8,Not genotyped
11,Dawakin11,Dawakin Tofa,11a,a,1,11a-r1,2,LB,Leaf breadth (cm),4.6,Not genotyped
11,Dawakin11,Dawakin Tofa,11a,a,1,11a-r1,2,LL,Leaf length (cm),7.6,Not genotyped
11,Dawakin11,Dawakin Tofa,11a,a,1,11a-r1,2,NB,Number of branches,4,Not genotyped
11,Dawakin11,Dawakin Tofa,11a,a,1,11a-r1,2,NL,Number of leaves,24,Not genotyped
11,Dawakin11,Dawakin Tofa,11a,a,1,11a-r1,2,PH,Plant height (cm),26.2,Not genotyped
11,Dawakin11,Dawakin Tofa,11a,a,1,11a-r1,2,SD,Stem diameter,NA,Not genotyped
11,Dawakin11,Dawakin Tofa,11a,a,1,11a-r1,3,LB,Leaf breadth (cm),5.4,Not genotyped
11,Dawakin11,Dawakin Tofa,11a,a,1,11a-r1,3,LL,Leaf length (cm),10.5,Not genotyped
11,Dawakin11,Dawakin Tofa,11a,a,1,11a-r1,3,NB,Number of branches,4,Not genotyped
11,Dawakin11,Dawakin Tofa,11a,a,1,11a-r1,3,NL,Number of leaves,42,Not genotyped
11,Dawakin11,Dawakin Tofa,11a,a,1,11a-r1,3,PH,Plant height (cm),41,Not genotyped
11,Dawakin11,Dawakin Tofa,11a,a,1,11a-r1,3,SD,Stem diameter,NA,Not genotyped
11,Dawakin11,Dawakin Tofa,11a,a,1,11a-r1,4,LB,Leaf breadth (cm),6.2,Not genotyped
11,Dawakin11,Dawakin Tofa,11a,a,1,11a-r1,4,LL,Leaf length (cm),11.7,Not genotyped
11,Dawakin11,Dawakin Tofa,11a,a,1,11a-r1,4,NB,Number of branches,4,Not genotyped
11,Dawakin11,Dawakin Tofa,11a,a,1,11a-r1,4,NL,Number of leaves,57,Not genotyped
11,Dawakin11,Dawakin Tofa,11a,a,1,11a-r1,4,PH,Plant height (cm),44.1,Not genotyped
11,Dawakin11,Dawakin Tofa,11a,a,1,11a-r1,4,SD,Stem diameter,0.45,Not genotyped
11,Dawakin11,Dawakin Tofa,11a,a,1,11a-r1,5,LB,Leaf breadth (cm),4.5,Not genotyped
11,Dawakin11,Dawakin Tofa,11a,a,1,11a-r1,5,LL,Leaf length (cm),7.5,Not genotyped
11,Dawakin11,Dawakin Tofa,11a,a,1,11a-r1,5,NB,Number of branches,2,Not genotyped
11,Dawakin11,Dawakin Tofa,11a,a,1,11a-r1,5,NL,Number of leaves,83,Not genotyped
11,Dawakin11,Dawakin Tofa,11a,a,1,11a-r1,5,PH,Plant height (cm),100,Not genotyped
11,Dawakin11,Dawakin Tofa,11a,a,1,11a-r1,5,SD,Stem diameter,0.5,Not genotyped
11,Dawakin11,Dawakin Tofa,11a,a,1,11a-r1,6,LB,Leaf breadth (cm),5,Not genotyped
11,Dawakin11,Dawakin Tofa,11a,a,1,11a-r1,6,LL,Leaf length (cm),7.6,Not genotyped
11,Dawakin11,Dawakin Tofa,11a,a,1,11a-r1,6,NB,Number of branches,2,Not genotyped
11,Dawakin11,Dawakin Tofa,11a,a,1,11a-r1,6,NL,Number of leaves,89,Not genotyped
11,Dawakin11,Dawakin Tofa,11a,a,1,11a-r1,6,PH,Plant height (cm),107,Not genotyped
11,Dawakin11,Dawakin Tofa,11a,a,1,11a-r1,6,SD,Stem diameter,0.55,Not genotyped
11,Dawakin11,Dawakin Tofa,11a,a,2,11a-r2,2,LB,Leaf breadth (cm),6,Not genotyped
11,Dawakin11,Dawakin Tofa,11a,a,2,11a-r2,2,LL,Leaf length (cm),11.5,Not genotyped
11,Dawakin11,Dawakin Tofa,11a,a,2,11a-r2,2,NB,Number of branches,1,Not genotyped
11,Dawakin11,Dawakin Tofa,11a,a,2,11a-r2,2,NL,Number of leaves,40,Not genotyped
11,Dawakin11,Dawakin Tofa,11a,a,2,11a-r2,2,PH,Plant height (cm),180,Not genotyped
11,Dawakin11,Dawakin Tofa,11a,a,2,11a-r2,2,SD,Stem diameter,NA,Not genotyped
11,Dawakin11,Dawakin Tofa,11a,a,2,11a-r2,3,LB,Leaf breadth (cm),6.2,Not genotyped
11,Dawakin11,Dawakin Tofa,11a,a,2,11a-r2,3,LL,Leaf length (cm),13.7,Not genotyped
11,Dawakin11,Dawakin Tofa,11a,a,2,11a-r2,3,NB,Number of branches,1,Not genotyped
11,Dawakin11,Dawakin Tofa,11a,a,2,11a-r2,3,NL,Number of leaves,43,Not genotyped
11,Dawakin11,Dawakin Tofa,11a,a,2,11a-r2,3,PH,Plant height (cm),250,Not genotyped
11,Dawakin11,Dawakin Tofa,11a,a,2,11a-r2,3,SD,Stem diameter,3.55,Not genotyped
11,Dawakin11,Dawakin Tofa,11a,a,2,11a-r2,4,LB,Leaf breadth (cm),7,Not genotyped
11,Dawakin11,Dawakin Tofa,11a,a,2,11a-r2,4,LL,Leaf length (cm),11,Not genotyped
11,Dawakin11,Dawakin Tofa,11a,a,2,11a-r2,4,NB,Number of branches,1,Not genotyped
11,Dawakin11,Dawakin Tofa,11a,a,2,11a-r2,4,NL,Number of leaves,66,Not genotyped
11,Dawakin11,Dawakin Tofa,11a,a,2,11a-r2,4,PH,Plant height (cm),310,Not genotyped
11,Dawakin11,Dawakin Tofa,11a,a,2,11a-r2,4,SD,Stem diameter,3.55,Not genotyped
11,Dawakin11,Dawakin Tofa,11a,a,2,11a-r2,5,LB,Leaf breadth (cm),7.1,Not genotyped
11,Dawakin11,Dawakin Tofa,11a,a,2,11a-r2,5,LL,Leaf length (cm),11.5,Not genotyped
11,Dawakin11,Dawakin Tofa,11a,a,2,11a-r2,5,NB,Number of branches,1,Not genotyped
11,Dawakin11,Dawakin Tofa,11a,a,2,11a-r2,5,NL,Number of leaves,90,Not genotyped
11,Dawakin11,Dawakin Tofa,11a,a,2,11a-r2,5,PH,Plant height (cm),320,Not genotyped
11,Dawakin11,Dawakin Tofa,11a,a,2,11a-r2,5,SD,Stem diameter,3.6,Not genotyped
11,Dawakin11,Dawakin Tofa,11a,a,2,11a-r2,6,LB,Leaf breadth (cm),7.3,Not genotyped
11,Dawakin11,Dawakin Tofa,11a,a,2,11a-r2,6,LL,Leaf length (cm),9.8,Not genotyped
11,Dawakin11,Dawakin Tofa,11a,a,2,11a-r2,6,NB,Number of branches,1,Not genotyped
11,Dawakin11,Dawakin Tofa,11a,a,2,11a-r2,6,NL,Number of leaves,99,Not genotyped
11,Dawakin11,Dawakin Tofa,11a,a,2,11a-r2,6,PH,Plant height (cm),329.1,Not genotyped
11,Dawakin11,Dawakin Tofa,11a,a,2,11a-r2,6,SD,Stem diameter,3.6,Not genotyped
11,Dawakin11,Dawakin Tofa,11b,b,1,11b-r1,2,LB,Leaf breadth (cm),5.1,Not genotyped
11,Dawakin11,Dawakin Tofa,11b,b,1,11b-r1,2,LL,Leaf length (cm),10.3,Not genotyped
11,Dawakin11,Dawakin Tofa,11b,b,1,11b-r1,2,NB,Number of branches,1,Not genotyped
11,Dawakin11,Dawakin Tofa,11b,b,1,11b-r1,2,NL,Number of leaves,32,Not genotyped
11,Dawakin11,Dawakin Tofa,11b,b,1,11b-r1,2,PH,Plant height (cm),28.2,Not genotyped
11,Dawakin11,Dawakin Tofa,11b,b,1,11b-r1,2,SD,Stem diameter,NA,Not genotyped
11,Dawakin11,Dawakin Tofa,11b,b,1,11b-r1,3,LB,Leaf breadth (cm),6.3,Not genotyped
11,Dawakin11,Dawakin Tofa,11b,b,1,11b-r1,3,LL,Leaf length (cm),10.3,Not genotyped
11,Dawakin11,Dawakin Tofa,11b,b,1,11b-r1,3,NB,Number of branches,2,Not genotyped
11,Dawakin11,Dawakin Tofa,11b,b,1,11b-r1,3,NL,Number of leaves,35,Not genotyped
11,Dawakin11,Dawakin Tofa,11b,b,1,11b-r1,3,PH,Plant height (cm),72,Not genotyped
11,Dawakin11,Dawakin Tofa,11b,b,1,11b-r1,3,SD,Stem diameter,NA,Not genotyped
11,Dawakin11,Dawakin Tofa,11b,b,1,11b-r1,4,LB,Leaf breadth (cm),6.3,Not genotyped
11,Dawakin11,Dawakin Tofa,11b,b,1,11b-r1,4,LL,Leaf length (cm),10.3,Not genotyped
11,Dawakin11,Dawakin Tofa,11b,b,1,11b-r1,4,NB,Number of branches,2,Not genotyped
11,Dawakin11,Dawakin Tofa,11b,b,1,11b-r1,4,NL,Number of leaves,36,Not genotyped
11,Dawakin11,Dawakin Tofa,11b,b,1,11b-r1,4,PH,Plant height (cm),45,Not genotyped
11,Dawakin11,Dawakin Tofa,11b,b,1,11b-r1,4,SD,Stem diameter,0.41,Not genotyped
11,Dawakin11,Dawakin Tofa,11b,b,1,11b-r1,5,LB,Leaf breadth (cm),NA,Not genotyped
11,Dawakin11,Dawakin Tofa,11b,b,1,11b-r1,5,LL,Leaf length (cm),NA,Not genotyped
11,Dawakin11,Dawakin Tofa,11b,b,1,11b-r1,5,NB,Number of branches,NA,Not genotyped
11,Dawakin11,Dawakin Tofa,11b,b,1,11b-r1,5,NL,Number of leaves,NA,Not genotyped
11,Dawakin11,Dawakin Tofa,11b,b,1,11b-r1,5,PH,Plant height (cm),NA,Not genotyped
11,Dawakin11,Dawakin Tofa,11b,b,1,11b-r1,5,SD,Stem diameter,NA,Not genotyped
11,Dawakin11,Dawakin Tofa,11b,b,1,11b-r1,6,LB,Leaf breadth (cm),NA,Not genotyped
11,Dawakin11,Dawakin Tofa,11b,b,1,11b-r1,6,LL,Leaf length (cm),NA,Not genotyped
11,Dawakin11,Dawakin Tofa,11b,b,1,11b-r1,6,NB,Number of branches,NA,Not genotyped
11,Dawakin11,Dawakin Tofa,11b,b,1,11b-r1,6,NL,Number of leaves,NA,Not genotyped
11,Dawakin11,Dawakin Tofa,11b,b,1,11b-r1,6,PH,Plant height (cm),NA,Not genotyped
11,Dawakin11,Dawakin Tofa,11b,b,1,11b-r1,6,SD,Stem diameter,NA,Not genotyped
11,Dawakin11,Dawakin Tofa,11b,b,2,11b-r2,2,LB,Leaf breadth (cm),4.9,Not genotyped
11,Dawakin11,Dawakin Tofa,11b,b,2,11b-r2,2,LL,Leaf length (cm),9,Not genotyped
11,Dawakin11,Dawakin Tofa,11b,b,2,11b-r2,2,NB,Number of branches,0,Not genotyped
11,Dawakin11,Dawakin Tofa,11b,b,2,11b-r2,2,NL,Number of leaves,14,Not genotyped
11,Dawakin11,Dawakin Tofa,11b,b,2,11b-r2,2,PH,Plant height (cm),20,Not genotyped
11,Dawakin11,Dawakin Tofa,11b,b,2,11b-r2,2,SD,Stem diameter,NA,Not genotyped
11,Dawakin11,Dawakin Tofa,11b,b,2,11b-r2,3,LB,Leaf breadth (cm),6.7,Not genotyped
11,Dawakin11,Dawakin Tofa,11b,b,2,11b-r2,3,LL,Leaf length (cm),12,Not genotyped
11,Dawakin11,Dawakin Tofa,11b,b,2,11b-r2,3,NB,Number of branches,0,Not genotyped
11,Dawakin11,Dawakin Tofa,11b,b,2,11b-r2,3,NL,Number of leaves,17,Not genotyped
11,Dawakin11,Dawakin Tofa,11b,b,2,11b-r2,3,PH,Plant height (cm),60,Not genotyped
11,Dawakin11,Dawakin Tofa,11b,b,2,11b-r2,3,SD,Stem diameter,3.5,Not genotyped
11,Dawakin11,Dawakin Tofa,11b,b,2,11b-r2,4,LB,Leaf breadth (cm),6.5,Not genotyped
11,Dawakin11,Dawakin Tofa,11b,b,2,11b-r2,4,LL,Leaf length (cm),10,Not genotyped
11,Dawakin11,Dawakin Tofa,11b,b,2,11b-r2,4,NB,Number of branches,0,Not genotyped
11,Dawakin11,Dawakin Tofa,11b,b,2,11b-r2,4,NL,Number of leaves,24,Not genotyped
11,Dawakin11,Dawakin Tofa,11b,b,2,11b-r2,4,PH,Plant height (cm),130,Not genotyped
11,Dawakin11,Dawakin Tofa,11b,b,2,11b-r2,4,SD,Stem diameter,3.7,Not genotyped
11,Dawakin11,Dawakin Tofa,11b,b,2,11b-r2,5,LB,Leaf breadth (cm),7.8,Not genotyped
11,Dawakin11,Dawakin Tofa,11b,b,2,11b-r2,5,LL,Leaf length (cm),10.5,Not genotyped
11,Dawakin11,Dawakin Tofa,11b,b,2,11b-r2,5,NB,Number of branches,3,Not genotyped
11,Dawakin11,Dawakin Tofa,11b,b,2,11b-r2,5,NL,Number of leaves,90,Not genotyped
11,Dawakin11,Dawakin Tofa,11b,b,2,11b-r2,5,PH,Plant height (cm),231,Not genotyped
11,Dawakin11,Dawakin Tofa,11b,b,2,11b-r2,5,SD,Stem diameter,3.8,Not genotyped
11,Dawakin11,Dawakin Tofa,11b,b,2,11b-r2,6,LB,Leaf breadth (cm),6.3,Not genotyped
11,Dawakin11,Dawakin Tofa,11b,b,2,11b-r2,6,LL,Leaf length (cm),8.5,Not genotyped
11,Dawakin11,Dawakin Tofa,11b,b,2,11b-r2,6,NB,Number of branches,3,Not genotyped
11,Dawakin11,Dawakin Tofa,11b,b,2,11b-r2,6,NL,Number of leaves,99,Not genotyped
11,Dawakin11,Dawakin Tofa,11b,b,2,11b-r2,6,PH,Plant height (cm),262.8,Not genotyped
11,Dawakin11,Dawakin Tofa,11b,b,2,11b-r2,6,SD,Stem diameter,3.8,Not genotyped
12,Dawanao12,Dawakin Tofa,12a,a,1,12a-r1,2,LB,Leaf breadth (cm),3.4,Amplified
12,Dawanao12,Dawakin Tofa,12a,a,1,12a-r1,2,LL,Leaf length (cm),7.7,Amplified
12,Dawanao12,Dawakin Tofa,12a,a,1,12a-r1,2,NB,Number of branches,NA,Amplified
12,Dawanao12,Dawakin Tofa,12a,a,1,12a-r1,2,NL,Number of leaves,23,Amplified
12,Dawanao12,Dawakin Tofa,12a,a,1,12a-r1,2,PH,Plant height (cm),37.7,Amplified
12,Dawanao12,Dawakin Tofa,12a,a,1,12a-r1,2,SD,Stem diameter,NA,Amplified
12,Dawanao12,Dawakin Tofa,12a,a,1,12a-r1,3,LB,Leaf breadth (cm),5.4,Amplified
12,Dawanao12,Dawakin Tofa,12a,a,1,12a-r1,3,LL,Leaf length (cm),8.1,Amplified
12,Dawanao12,Dawakin Tofa,12a,a,1,12a-r1,3,NB,Number of branches,2,Amplified
12,Dawanao12,Dawakin Tofa,12a,a,1,12a-r1,3,NL,Number of leaves,32,Amplified
12,Dawanao12,Dawakin Tofa,12a,a,1,12a-r1,3,PH,Plant height (cm),38,Amplified
12,Dawanao12,Dawakin Tofa,12a,a,1,12a-r1,3,SD,Stem diameter,NA,Amplified
12,Dawanao12,Dawakin Tofa,12a,a,1,12a-r1,4,LB,Leaf breadth (cm),5.4,Amplified
12,Dawanao12,Dawakin Tofa,12a,a,1,12a-r1,4,LL,Leaf length (cm),8.1,Amplified
12,Dawanao12,Dawakin Tofa,12a,a,1,12a-r1,4,NB,Number of branches,3,Amplified
12,Dawanao12,Dawakin Tofa,12a,a,1,12a-r1,4,NL,Number of leaves,32,Amplified
12,Dawanao12,Dawakin Tofa,12a,a,1,12a-r1,4,PH,Plant height (cm),40.9,Amplified
12,Dawanao12,Dawakin Tofa,12a,a,1,12a-r1,4,SD,Stem diameter,0.45,Amplified
12,Dawanao12,Dawakin Tofa,12a,a,1,12a-r1,5,LB,Leaf breadth (cm),NA,Amplified
12,Dawanao12,Dawakin Tofa,12a,a,1,12a-r1,5,LL,Leaf length (cm),NA,Amplified
12,Dawanao12,Dawakin Tofa,12a,a,1,12a-r1,5,NB,Number of branches,NA,Amplified
12,Dawanao12,Dawakin Tofa,12a,a,1,12a-r1,5,NL,Number of leaves,NA,Amplified
12,Dawanao12,Dawakin Tofa,12a,a,1,12a-r1,5,PH,Plant height (cm),NA,Amplified
12,Dawanao12,Dawakin Tofa,12a,a,1,12a-r1,5,SD,Stem diameter,NA,Amplified
12,Dawanao12,Dawakin Tofa,12a,a,1,12a-r1,6,LB,Leaf breadth (cm),NA,Amplified
12,Dawanao12,Dawakin Tofa,12a,a,1,12a-r1,6,LL,Leaf length (cm),NA,Amplified
12,Dawanao12,Dawakin Tofa,12a,a,1,12a-r1,6,NB,Number of branches,NA,Amplified
12,Dawanao12,Dawakin Tofa,12a,a,1,12a-r1,6,NL,Number of leaves,NA,Amplified
12,Dawanao12,Dawakin Tofa,12a,a,1,12a-r1,6,PH,Plant height (cm),NA,Amplified
12,Dawanao12,Dawakin Tofa,12a,a,1,12a-r1,6,SD,Stem diameter,NA,Amplified
12,Dawanao12,Dawakin Tofa,12a,a,2,12a-r2,2,LB,Leaf breadth (cm),4.3,Amplified
12,Dawanao12,Dawakin Tofa,12a,a,2,12a-r2,2,LL,Leaf length (cm),8,Amplified
12,Dawanao12,Dawakin Tofa,12a,a,2,12a-r2,2,NB,Number of branches,0,Amplified
12,Dawanao12,Dawakin Tofa,12a,a,2,12a-r2,2,NL,Number of leaves,20,Amplified
12,Dawanao12,Dawakin Tofa,12a,a,2,12a-r2,2,PH,Plant height (cm),42,Amplified
12,Dawanao12,Dawakin Tofa,12a,a,2,12a-r2,2,SD,Stem diameter,NA,Amplified
12,Dawanao12,Dawakin Tofa,12a,a,2,12a-r2,3,LB,Leaf breadth (cm),7.4,Amplified
12,Dawanao12,Dawakin Tofa,12a,a,2,12a-r2,3,LL,Leaf length (cm),3.4,Amplified
12,Dawanao12,Dawakin Tofa,12a,a,2,12a-r2,3,NB,Number of branches,2,Amplified
12,Dawanao12,Dawakin Tofa,12a,a,2,12a-r2,3,NL,Number of leaves,41,Amplified
12,Dawanao12,Dawakin Tofa,12a,a,2,12a-r2,3,PH,Plant height (cm),160,Amplified
12,Dawanao12,Dawakin Tofa,12a,a,2,12a-r2,3,SD,Stem diameter,3.55,Amplified
12,Dawanao12,Dawakin Tofa,12a,a,2,12a-r2,4,LB,Leaf breadth (cm),6.5,Amplified
12,Dawanao12,Dawakin Tofa,12a,a,2,12a-r2,4,LL,Leaf length (cm),10.4,Amplified
12,Dawanao12,Dawakin Tofa,12a,a,2,12a-r2,4,NB,Number of branches,4,Amplified
12,Dawanao12,Dawakin Tofa,12a,a,2,12a-r2,4,NL,Number of leaves,61,Amplified
12,Dawanao12,Dawakin Tofa,12a,a,2,12a-r2,4,PH,Plant height (cm),300,Amplified
12,Dawanao12,Dawakin Tofa,12a,a,2,12a-r2,4,SD,Stem diameter,3.6,Amplified
12,Dawanao12,Dawakin Tofa,12a,a,2,12a-r2,5,LB,Leaf breadth (cm),7.4,Amplified
12,Dawanao12,Dawakin Tofa,12a,a,2,12a-r2,5,LL,Leaf length (cm),11,Amplified
12,Dawanao12,Dawakin Tofa,12a,a,2,12a-r2,5,NB,Number of branches,4,Amplified
12,Dawanao12,Dawakin Tofa,12a,a,2,12a-r2,5,NL,Number of leaves,102,Amplified
12,Dawanao12,Dawakin Tofa,12a,a,2,12a-r2,5,PH,Plant height (cm),324,Amplified
12,Dawanao12,Dawakin Tofa,12a,a,2,12a-r2,5,SD,Stem diameter,3.8,Amplified
12,Dawanao12,Dawakin Tofa,12a,a,2,12a-r2,6,LB,Leaf breadth (cm),6.9,Amplified
12,Dawanao12,Dawakin Tofa,12a,a,2,12a-r2,6,LL,Leaf length (cm),11.4,Amplified
12,Dawanao12,Dawakin Tofa,12a,a,2,12a-r2,6,NB,Number of branches,4,Amplified
12,Dawanao12,Dawakin Tofa,12a,a,2,12a-r2,6,NL,Number of leaves,112,Amplified
12,Dawanao12,Dawakin Tofa,12a,a,2,12a-r2,6,PH,Plant height (cm),346.8,Amplified
12,Dawanao12,Dawakin Tofa,12a,a,2,12a-r2,6,SD,Stem diameter,3.8,Amplified
12,Dawanao12,Dawakin Tofa,12b,b,1,12b-r1,2,LB,Leaf breadth (cm),6.3,Amplified
12,Dawanao12,Dawakin Tofa,12b,b,1,12b-r1,2,LL,Leaf length (cm),10.4,Amplified
12,Dawanao12,Dawakin Tofa,12b,b,1,12b-r1,2,NB,Number of branches,NA,Amplified
12,Dawanao12,Dawakin Tofa,12b,b,1,12b-r1,2,NL,Number of leaves,23,Amplified
12,Dawanao12,Dawakin Tofa,12b,b,1,12b-r1,2,PH,Plant height (cm),34.6,Amplified
12,Dawanao12,Dawakin Tofa,12b,b,1,12b-r1,2,SD,Stem diameter,NA,Amplified
12,Dawanao12,Dawakin Tofa,12b,b,1,12b-r1,3,LB,Leaf breadth (cm),5.5,Amplified
12,Dawanao12,Dawakin Tofa,12b,b,1,12b-r1,3,LL,Leaf length (cm),10.4,Amplified
12,Dawanao12,Dawakin Tofa,12b,b,1,12b-r1,3,NB,Number of branches,2,Amplified
12,Dawanao12,Dawakin Tofa,12b,b,1,12b-r1,3,NL,Number of leaves,38,Amplified
12,Dawanao12,Dawakin Tofa,12b,b,1,12b-r1,3,PH,Plant height (cm),45.5,Amplified
12,Dawanao12,Dawakin Tofa,12b,b,1,12b-r1,3,SD,Stem diameter,NA,Amplified
12,Dawanao12,Dawakin Tofa,12b,b,1,12b-r1,4,LB,Leaf breadth (cm),7,Amplified
12,Dawanao12,Dawakin Tofa,12b,b,1,12b-r1,4,LL,Leaf length (cm),11.1,Amplified
12,Dawanao12,Dawakin Tofa,12b,b,1,12b-r1,4,NB,Number of branches,2,Amplified
12,Dawanao12,Dawakin Tofa,12b,b,1,12b-r1,4,NL,Number of leaves,54,Amplified
12,Dawanao12,Dawakin Tofa,12b,b,1,12b-r1,4,PH,Plant height (cm),159.1,Amplified
12,Dawanao12,Dawakin Tofa,12b,b,1,12b-r1,4,SD,Stem diameter,0.59,Amplified
12,Dawanao12,Dawakin Tofa,12b,b,1,12b-r1,5,LB,Leaf breadth (cm),6.5,Amplified
12,Dawanao12,Dawakin Tofa,12b,b,1,12b-r1,5,LL,Leaf length (cm),10,Amplified
12,Dawanao12,Dawakin Tofa,12b,b,1,12b-r1,5,NB,Number of branches,3,Amplified
12,Dawanao12,Dawakin Tofa,12b,b,1,12b-r1,5,NL,Number of leaves,79,Amplified
12,Dawanao12,Dawakin Tofa,12b,b,1,12b-r1,5,PH,Plant height (cm),196,Amplified
12,Dawanao12,Dawakin Tofa,12b,b,1,12b-r1,5,SD,Stem diameter,0.5,Amplified
12,Dawanao12,Dawakin Tofa,12b,b,1,12b-r1,6,LB,Leaf breadth (cm),6.4,Amplified
12,Dawanao12,Dawakin Tofa,12b,b,1,12b-r1,6,LL,Leaf length (cm),9.8,Amplified
12,Dawanao12,Dawakin Tofa,12b,b,1,12b-r1,6,NB,Number of branches,3,Amplified
12,Dawanao12,Dawakin Tofa,12b,b,1,12b-r1,6,NL,Number of leaves,86,Amplified
12,Dawanao12,Dawakin Tofa,12b,b,1,12b-r1,6,PH,Plant height (cm),204,Amplified
12,Dawanao12,Dawakin Tofa,12b,b,1,12b-r1,6,SD,Stem diameter,0.45,Amplified
12,Dawanao12,Dawakin Tofa,12b,b,2,12b-r2,2,LB,Leaf breadth (cm),6.2,Amplified
12,Dawanao12,Dawakin Tofa,12b,b,2,12b-r2,2,LL,Leaf length (cm),4,Amplified
12,Dawanao12,Dawakin Tofa,12b,b,2,12b-r2,2,NB,Number of branches,2,Amplified
12,Dawanao12,Dawakin Tofa,12b,b,2,12b-r2,2,NL,Number of leaves,41,Amplified
12,Dawanao12,Dawakin Tofa,12b,b,2,12b-r2,2,PH,Plant height (cm),51,Amplified
12,Dawanao12,Dawakin Tofa,12b,b,2,12b-r2,2,SD,Stem diameter,NA,Amplified
12,Dawanao12,Dawakin Tofa,12b,b,2,12b-r2,3,LB,Leaf breadth (cm),6.8,Amplified
12,Dawanao12,Dawakin Tofa,12b,b,2,12b-r2,3,LL,Leaf length (cm),10.6,Amplified
12,Dawanao12,Dawakin Tofa,12b,b,2,12b-r2,3,NB,Number of branches,4,Amplified
12,Dawanao12,Dawakin Tofa,12b,b,2,12b-r2,3,NL,Number of leaves,136,Amplified
12,Dawanao12,Dawakin Tofa,12b,b,2,12b-r2,3,PH,Plant height (cm),160,Amplified
12,Dawanao12,Dawakin Tofa,12b,b,2,12b-r2,3,SD,Stem diameter,3.8,Amplified
12,Dawanao12,Dawakin Tofa,12b,b,2,12b-r2,4,LB,Leaf breadth (cm),6.1,Amplified
12,Dawanao12,Dawakin Tofa,12b,b,2,12b-r2,4,LL,Leaf length (cm),10.4,Amplified
12,Dawanao12,Dawakin Tofa,12b,b,2,12b-r2,4,NB,Number of branches,6,Amplified
12,Dawanao12,Dawakin Tofa,12b,b,2,12b-r2,4,NL,Number of leaves,170,Amplified
12,Dawanao12,Dawakin Tofa,12b,b,2,12b-r2,4,PH,Plant height (cm),180,Amplified
12,Dawanao12,Dawakin Tofa,12b,b,2,12b-r2,4,SD,Stem diameter,3.85,Amplified
12,Dawanao12,Dawakin Tofa,12b,b,2,12b-r2,5,LB,Leaf breadth (cm),6.2,Amplified
12,Dawanao12,Dawakin Tofa,12b,b,2,12b-r2,5,LL,Leaf length (cm),10,Amplified
12,Dawanao12,Dawakin Tofa,12b,b,2,12b-r2,5,NB,Number of branches,6,Amplified
12,Dawanao12,Dawakin Tofa,12b,b,2,12b-r2,5,NL,Number of leaves,201,Amplified
12,Dawanao12,Dawakin Tofa,12b,b,2,12b-r2,5,PH,Plant height (cm),194,Amplified
12,Dawanao12,Dawakin Tofa,12b,b,2,12b-r2,5,SD,Stem diameter,3.95,Amplified
12,Dawanao12,Dawakin Tofa,12b,b,2,12b-r2,6,LB,Leaf breadth (cm),6,Amplified
12,Dawanao12,Dawakin Tofa,12b,b,2,12b-r2,6,LL,Leaf length (cm),7.2,Amplified
12,Dawanao12,Dawakin Tofa,12b,b,2,12b-r2,6,NB,Number of branches,6,Amplified
12,Dawanao12,Dawakin Tofa,12b,b,2,12b-r2,6,NL,Number of leaves,221,Amplified
12,Dawanao12,Dawakin Tofa,12b,b,2,12b-r2,6,PH,Plant height (cm),204.3,Amplified
12,Dawanao12,Dawakin Tofa,12b,b,2,12b-r2,6,SD,Stem diameter,3.95,Amplified
13,Round13,Kiru,13a,a,1,13a-r1,2,LB,Leaf breadth (cm),7.5,Not genotyped
13,Round13,Kiru,13a,a,1,13a-r1,2,LL,Leaf length (cm),9.4,Not genotyped
13,Round13,Kiru,13a,a,1,13a-r1,2,NB,Number of branches,3,Not genotyped
13,Round13,Kiru,13a,a,1,13a-r1,2,NL,Number of leaves,26,Not genotyped
13,Round13,Kiru,13a,a,1,13a-r1,2,PH,Plant height (cm),33.2,Not genotyped
13,Round13,Kiru,13a,a,1,13a-r1,2,SD,Stem diameter,NA,Not genotyped
13,Round13,Kiru,13a,a,1,13a-r1,3,LB,Leaf breadth (cm),7.8,Not genotyped
13,Round13,Kiru,13a,a,1,13a-r1,3,LL,Leaf length (cm),10,Not genotyped
13,Round13,Kiru,13a,a,1,13a-r1,3,NB,Number of branches,3,Not genotyped
13,Round13,Kiru,13a,a,1,13a-r1,3,NL,Number of leaves,38,Not genotyped
13,Round13,Kiru,13a,a,1,13a-r1,3,PH,Plant height (cm),89,Not genotyped
13,Round13,Kiru,13a,a,1,13a-r1,3,SD,Stem diameter,NA,Not genotyped
13,Round13,Kiru,13a,a,1,13a-r1,4,LB,Leaf breadth (cm),8,Not genotyped
13,Round13,Kiru,13a,a,1,13a-r1,4,LL,Leaf length (cm),10.5,Not genotyped
13,Round13,Kiru,13a,a,1,13a-r1,4,NB,Number of branches,3,Not genotyped
13,Round13,Kiru,13a,a,1,13a-r1,4,NL,Number of leaves,43,Not genotyped
13,Round13,Kiru,13a,a,1,13a-r1,4,PH,Plant height (cm),59.5,Not genotyped
13,Round13,Kiru,13a,a,1,13a-r1,4,SD,Stem diameter,0.58,Not genotyped
13,Round13,Kiru,13a,a,1,13a-r1,5,LB,Leaf breadth (cm),8,Not genotyped
13,Round13,Kiru,13a,a,1,13a-r1,5,LL,Leaf length (cm),8,Not genotyped
13,Round13,Kiru,13a,a,1,13a-r1,5,NB,Number of branches,3,Not genotyped
13,Round13,Kiru,13a,a,1,13a-r1,5,NL,Number of leaves,60,Not genotyped
13,Round13,Kiru,13a,a,1,13a-r1,5,PH,Plant height (cm),67,Not genotyped
13,Round13,Kiru,13a,a,1,13a-r1,5,SD,Stem diameter,0.55,Not genotyped
13,Round13,Kiru,13a,a,1,13a-r1,6,LB,Leaf breadth (cm),8.5,Not genotyped
13,Round13,Kiru,13a,a,1,13a-r1,6,LL,Leaf length (cm),8.4,Not genotyped
13,Round13,Kiru,13a,a,1,13a-r1,6,NB,Number of branches,3,Not genotyped
13,Round13,Kiru,13a,a,1,13a-r1,6,NL,Number of leaves,74,Not genotyped
13,Round13,Kiru,13a,a,1,13a-r1,6,PH,Plant height (cm),72,Not genotyped
13,Round13,Kiru,13a,a,1,13a-r1,6,SD,Stem diameter,0.55,Not genotyped
13,Round13,Kiru,13a,a,2,13a-r2,2,LB,Leaf breadth (cm),6.4,Not genotyped
13,Round13,Kiru,13a,a,2,13a-r2,2,LL,Leaf length (cm),10,Not genotyped
13,Round13,Kiru,13a,a,2,13a-r2,2,NB,Number of branches,0,Not genotyped
13,Round13,Kiru,13a,a,2,13a-r2,2,NL,Number of leaves,27,Not genotyped
13,Round13,Kiru,13a,a,2,13a-r2,2,PH,Plant height (cm),39,Not genotyped
13,Round13,Kiru,13a,a,2,13a-r2,2,SD,Stem diameter,NA,Not genotyped
13,Round13,Kiru,13a,a,2,13a-r2,3,LB,Leaf breadth (cm),8.5,Not genotyped
13,Round13,Kiru,13a,a,2,13a-r2,3,LL,Leaf length (cm),12.3,Not genotyped
13,Round13,Kiru,13a,a,2,13a-r2,3,NB,Number of branches,0,Not genotyped
13,Round13,Kiru,13a,a,2,13a-r2,3,NL,Number of leaves,33,Not genotyped
13,Round13,Kiru,13a,a,2,13a-r2,3,PH,Plant height (cm),170,Not genotyped
13,Round13,Kiru,13a,a,2,13a-r2,3,SD,Stem diameter,3.55,Not genotyped
13,Round13,Kiru,13a,a,2,13a-r2,4,LB,Leaf breadth (cm),8.2,Not genotyped
13,Round13,Kiru,13a,a,2,13a-r2,4,LL,Leaf length (cm),10.6,Not genotyped
13,Round13,Kiru,13a,a,2,13a-r2,4,NB,Number of branches,0,Not genotyped
13,Round13,Kiru,13a,a,2,13a-r2,4,NL,Number of leaves,57,Not genotyped
13,Round13,Kiru,13a,a,2,13a-r2,4,PH,Plant height (cm),296,Not genotyped
13,Round13,Kiru,13a,a,2,13a-r2,4,SD,Stem diameter,3.55,Not genotyped
13,Round13,Kiru,13a,a,2,13a-r2,5,LB,Leaf breadth (cm),7.7,Not genotyped
13,Round13,Kiru,13a,a,2,13a-r2,5,LL,Leaf length (cm),9,Not genotyped
13,Round13,Kiru,13a,a,2,13a-r2,5,NB,Number of branches,0,Not genotyped
13,Round13,Kiru,13a,a,2,13a-r2,5,NL,Number of leaves,102,Not genotyped
13,Round13,Kiru,13a,a,2,13a-r2,5,PH,Plant height (cm),334,Not genotyped
13,Round13,Kiru,13a,a,2,13a-r2,5,SD,Stem diameter,3.75,Not genotyped
13,Round13,Kiru,13a,a,2,13a-r2,6,LB,Leaf breadth (cm),7.3,Not genotyped
13,Round13,Kiru,13a,a,2,13a-r2,6,LL,Leaf length (cm),8.5,Not genotyped
13,Round13,Kiru,13a,a,2,13a-r2,6,NB,Number of branches,0,Not genotyped
13,Round13,Kiru,13a,a,2,13a-r2,6,NL,Number of leaves,112,Not genotyped
13,Round13,Kiru,13a,a,2,13a-r2,6,PH,Plant height (cm),361,Not genotyped
13,Round13,Kiru,13a,a,2,13a-r2,6,SD,Stem diameter,3.75,Not genotyped
13,Round13,Kiru,13b,b,1,13b-r1,2,LB,Leaf breadth (cm),6.3,Not genotyped
13,Round13,Kiru,13b,b,1,13b-r1,2,LL,Leaf length (cm),11.5,Not genotyped
13,Round13,Kiru,13b,b,1,13b-r1,2,NB,Number of branches,NA,Not genotyped
13,Round13,Kiru,13b,b,1,13b-r1,2,NL,Number of leaves,21,Not genotyped
13,Round13,Kiru,13b,b,1,13b-r1,2,PH,Plant height (cm),57.6,Not genotyped
13,Round13,Kiru,13b,b,1,13b-r1,2,SD,Stem diameter,NA,Not genotyped
13,Round13,Kiru,13b,b,1,13b-r1,3,LB,Leaf breadth (cm),7.6,Not genotyped
13,Round13,Kiru,13b,b,1,13b-r1,3,LL,Leaf length (cm),11.5,Not genotyped
13,Round13,Kiru,13b,b,1,13b-r1,3,NB,Number of branches,1,Not genotyped
13,Round13,Kiru,13b,b,1,13b-r1,3,NL,Number of leaves,39,Not genotyped
13,Round13,Kiru,13b,b,1,13b-r1,3,PH,Plant height (cm),126,Not genotyped
13,Round13,Kiru,13b,b,1,13b-r1,3,SD,Stem diameter,NA,Not genotyped
13,Round13,Kiru,13b,b,1,13b-r1,4,LB,Leaf breadth (cm),7.8,Not genotyped
13,Round13,Kiru,13b,b,1,13b-r1,4,LL,Leaf length (cm),11.5,Not genotyped
13,Round13,Kiru,13b,b,1,13b-r1,4,NB,Number of branches,1,Not genotyped
13,Round13,Kiru,13b,b,1,13b-r1,4,NL,Number of leaves,40,Not genotyped
13,Round13,Kiru,13b,b,1,13b-r1,4,PH,Plant height (cm),142.5,Not genotyped
13,Round13,Kiru,13b,b,1,13b-r1,4,SD,Stem diameter,0.5,Not genotyped
13,Round13,Kiru,13b,b,1,13b-r1,5,LB,Leaf breadth (cm),NA,Not genotyped
13,Round13,Kiru,13b,b,1,13b-r1,5,LL,Leaf length (cm),NA,Not genotyped
13,Round13,Kiru,13b,b,1,13b-r1,5,NB,Number of branches,NA,Not genotyped
13,Round13,Kiru,13b,b,1,13b-r1,5,NL,Number of leaves,NA,Not genotyped
13,Round13,Kiru,13b,b,1,13b-r1,5,PH,Plant height (cm),NA,Not genotyped
13,Round13,Kiru,13b,b,1,13b-r1,5,SD,Stem diameter,NA,Not genotyped
13,Round13,Kiru,13b,b,1,13b-r1,6,LB,Leaf breadth (cm),NA,Not genotyped
13,Round13,Kiru,13b,b,1,13b-r1,6,LL,Leaf length (cm),NA,Not genotyped
13,Round13,Kiru,13b,b,1,13b-r1,6,NB,Number of branches,NA,Not genotyped
13,Round13,Kiru,13b,b,1,13b-r1,6,NL,Number of leaves,NA,Not genotyped
13,Round13,Kiru,13b,b,1,13b-r1,6,PH,Plant height (cm),NA,Not genotyped
13,Round13,Kiru,13b,b,1,13b-r1,6,SD,Stem diameter,NA,Not genotyped
13,Round13,Kiru,13b,b,2,13b-r2,2,LB,Leaf breadth (cm),NA,Not genotyped
13,Round13,Kiru,13b,b,2,13b-r2,2,LL,Leaf length (cm),NA,Not genotyped
13,Round13,Kiru,13b,b,2,13b-r2,2,NB,Number of branches,0,Not genotyped
13,Round13,Kiru,13b,b,2,13b-r2,2,NL,Number of leaves,NA,Not genotyped
13,Round13,Kiru,13b,b,2,13b-r2,2,PH,Plant height (cm),NA,Not genotyped
13,Round13,Kiru,13b,b,2,13b-r2,2,SD,Stem diameter,NA,Not genotyped
13,Round13,Kiru,13b,b,2,13b-r2,3,LB,Leaf breadth (cm),NA,Not genotyped
13,Round13,Kiru,13b,b,2,13b-r2,3,LL,Leaf length (cm),NA,Not genotyped
13,Round13,Kiru,13b,b,2,13b-r2,3,NB,Number of branches,0,Not genotyped
13,Round13,Kiru,13b,b,2,13b-r2,3,NL,Number of leaves,NA,Not genotyped
13,Round13,Kiru,13b,b,2,13b-r2,3,PH,Plant height (cm),NA,Not genotyped
13,Round13,Kiru,13b,b,2,13b-r2,3,SD,Stem diameter,NA,Not genotyped
13,Round13,Kiru,13b,b,2,13b-r2,4,LB,Leaf breadth (cm),NA,Not genotyped
13,Round13,Kiru,13b,b,2,13b-r2,4,LL,Leaf length (cm),NA,Not genotyped
13,Round13,Kiru,13b,b,2,13b-r2,4,NB,Number of branches,0,Not genotyped
13,Round13,Kiru,13b,b,2,13b-r2,4,NL,Number of leaves,NA,Not genotyped
13,Round13,Kiru,13b,b,2,13b-r2,4,PH,Plant height (cm),NA,Not genotyped
13,Round13,Kiru,13b,b,2,13b-r2,4,SD,Stem diameter,NA,Not genotyped
13,Round13,Kiru,13b,b,2,13b-r2,5,LB,Leaf breadth (cm),NA,Not genotyped
13,Round13,Kiru,13b,b,2,13b-r2,5,LL,Leaf length (cm),NA,Not genotyped
13,Round13,Kiru,13b,b,2,13b-r2,5,NB,Number of branches,0,Not genotyped
13,Round13,Kiru,13b,b,2,13b-r2,5,NL,Number of leaves,NA,Not genotyped
13,Round13,Kiru,13b,b,2,13b-r2,5,PH,Plant height (cm),NA,Not genotyped
13,Round13,Kiru,13b,b,2,13b-r2,5,SD,Stem diameter,NA,Not genotyped
13,Round13,Kiru,13b,b,2,13b-r2,6,LB,Leaf breadth (cm),NA,Not genotyped
13,Round13,Kiru,13b,b,2,13b-r2,6,LL,Leaf length (cm),NA,Not genotyped
13,Round13,Kiru,13b,b,2,13b-r2,6,NB,Number of branches,0,Not genotyped
13,Round13,Kiru,13b,b,2,13b-r2,6,NL,Number of leaves,NA,Not genotyped
13,Round13,Kiru,13b,b,2,13b-r2,6,PH,Plant height (cm),NA,Not genotyped
13,Round13,Kiru,13b,b,2,13b-r2,6,SD,Stem diameter,NA,Not genotyped
14,Kwanar14,Kiru,14a,a,1,14a-r1,2,LB,Leaf breadth (cm),7.8,Not genotyped
14,Kwanar14,Kiru,14a,a,1,14a-r1,2,LL,Leaf length (cm),12.3,Not genotyped
14,Kwanar14,Kiru,14a,a,1,14a-r1,2,NB,Number of branches,1,Not genotyped
14,Kwanar14,Kiru,14a,a,1,14a-r1,2,NL,Number of leaves,32,Not genotyped
14,Kwanar14,Kiru,14a,a,1,14a-r1,2,PH,Plant height (cm),72.2,Not genotyped
14,Kwanar14,Kiru,14a,a,1,14a-r1,2,SD,Stem diameter,NA,Not genotyped
14,Kwanar14,Kiru,14a,a,1,14a-r1,3,LB,Leaf breadth (cm),6.5,Not genotyped
14,Kwanar14,Kiru,14a,a,1,14a-r1,3,LL,Leaf length (cm),12.3,Not genotyped
14,Kwanar14,Kiru,14a,a,1,14a-r1,3,NB,Number of branches,1,Not genotyped
14,Kwanar14,Kiru,14a,a,1,14a-r1,3,NL,Number of leaves,54,Not genotyped
14,Kwanar14,Kiru,14a,a,1,14a-r1,3,PH,Plant height (cm),132.5,Not genotyped
14,Kwanar14,Kiru,14a,a,1,14a-r1,3,SD,Stem diameter,NA,Not genotyped
14,Kwanar14,Kiru,14a,a,1,14a-r1,4,LB,Leaf breadth (cm),6.5,Not genotyped
14,Kwanar14,Kiru,14a,a,1,14a-r1,4,LL,Leaf length (cm),12.3,Not genotyped
14,Kwanar14,Kiru,14a,a,1,14a-r1,4,NB,Number of branches,1,Not genotyped
14,Kwanar14,Kiru,14a,a,1,14a-r1,4,NL,Number of leaves,54,Not genotyped
14,Kwanar14,Kiru,14a,a,1,14a-r1,4,PH,Plant height (cm),135,Not genotyped
14,Kwanar14,Kiru,14a,a,1,14a-r1,4,SD,Stem diameter,0.5,Not genotyped
14,Kwanar14,Kiru,14a,a,1,14a-r1,5,LB,Leaf breadth (cm),NA,Not genotyped
14,Kwanar14,Kiru,14a,a,1,14a-r1,5,LL,Leaf length (cm),NA,Not genotyped
14,Kwanar14,Kiru,14a,a,1,14a-r1,5,NB,Number of branches,NA,Not genotyped
14,Kwanar14,Kiru,14a,a,1,14a-r1,5,NL,Number of leaves,NA,Not genotyped
14,Kwanar14,Kiru,14a,a,1,14a-r1,5,PH,Plant height (cm),NA,Not genotyped
14,Kwanar14,Kiru,14a,a,1,14a-r1,5,SD,Stem diameter,NA,Not genotyped
14,Kwanar14,Kiru,14a,a,1,14a-r1,6,LB,Leaf breadth (cm),NA,Not genotyped
14,Kwanar14,Kiru,14a,a,1,14a-r1,6,LL,Leaf length (cm),NA,Not genotyped
14,Kwanar14,Kiru,14a,a,1,14a-r1,6,NB,Number of branches,NA,Not genotyped
14,Kwanar14,Kiru,14a,a,1,14a-r1,6,NL,Number of leaves,NA,Not genotyped
14,Kwanar14,Kiru,14a,a,1,14a-r1,6,PH,Plant height (cm),NA,Not genotyped
14,Kwanar14,Kiru,14a,a,1,14a-r1,6,SD,Stem diameter,NA,Not genotyped
14,Kwanar14,Kiru,14a,a,2,14a-r2,2,LB,Leaf breadth (cm),5.5,Not genotyped
14,Kwanar14,Kiru,14a,a,2,14a-r2,2,LL,Leaf length (cm),8.2,Not genotyped
14,Kwanar14,Kiru,14a,a,2,14a-r2,2,NB,Number of branches,2,Not genotyped
14,Kwanar14,Kiru,14a,a,2,14a-r2,2,NL,Number of leaves,36,Not genotyped
14,Kwanar14,Kiru,14a,a,2,14a-r2,2,PH,Plant height (cm),48,Not genotyped
14,Kwanar14,Kiru,14a,a,2,14a-r2,2,SD,Stem diameter,NA,Not genotyped
14,Kwanar14,Kiru,14a,a,2,14a-r2,3,LB,Leaf breadth (cm),6.2,Not genotyped
14,Kwanar14,Kiru,14a,a,2,14a-r2,3,LL,Leaf length (cm),10.2,Not genotyped
14,Kwanar14,Kiru,14a,a,2,14a-r2,3,NB,Number of branches,4,Not genotyped
14,Kwanar14,Kiru,14a,a,2,14a-r2,3,NL,Number of leaves,34,Not genotyped
14,Kwanar14,Kiru,14a,a,2,14a-r2,3,PH,Plant height (cm),143,Not genotyped
14,Kwanar14,Kiru,14a,a,2,14a-r2,3,SD,Stem diameter,3.7,Not genotyped
14,Kwanar14,Kiru,14a,a,2,14a-r2,4,LB,Leaf breadth (cm),6.5,Not genotyped
14,Kwanar14,Kiru,14a,a,2,14a-r2,4,LL,Leaf length (cm),10.4,Not genotyped
14,Kwanar14,Kiru,14a,a,2,14a-r2,4,NB,Number of branches,4,Not genotyped
14,Kwanar14,Kiru,14a,a,2,14a-r2,4,NL,Number of leaves,57,Not genotyped
14,Kwanar14,Kiru,14a,a,2,14a-r2,4,PH,Plant height (cm),160,Not genotyped
14,Kwanar14,Kiru,14a,a,2,14a-r2,4,SD,Stem diameter,3.8,Not genotyped
14,Kwanar14,Kiru,14a,a,2,14a-r2,5,LB,Leaf breadth (cm),5.7,Not genotyped
14,Kwanar14,Kiru,14a,a,2,14a-r2,5,LL,Leaf length (cm),8,Not genotyped
14,Kwanar14,Kiru,14a,a,2,14a-r2,5,NB,Number of branches,4,Not genotyped
14,Kwanar14,Kiru,14a,a,2,14a-r2,5,NL,Number of leaves,79,Not genotyped
14,Kwanar14,Kiru,14a,a,2,14a-r2,5,PH,Plant height (cm),172,Not genotyped
14,Kwanar14,Kiru,14a,a,2,14a-r2,5,SD,Stem diameter,3.9,Not genotyped
14,Kwanar14,Kiru,14a,a,2,14a-r2,6,LB,Leaf breadth (cm),6.1,Not genotyped
14,Kwanar14,Kiru,14a,a,2,14a-r2,6,LL,Leaf length (cm),9,Not genotyped
14,Kwanar14,Kiru,14a,a,2,14a-r2,6,NB,Number of branches,4,Not genotyped
14,Kwanar14,Kiru,14a,a,2,14a-r2,6,NL,Number of leaves,87,Not genotyped
14,Kwanar14,Kiru,14a,a,2,14a-r2,6,PH,Plant height (cm),181.5,Not genotyped
14,Kwanar14,Kiru,14a,a,2,14a-r2,6,SD,Stem diameter,3.9,Not genotyped
14,Kwanar14,Kiru,14b,b,1,14b-r1,2,LB,Leaf breadth (cm),6.5,Not genotyped
14,Kwanar14,Kiru,14b,b,1,14b-r1,2,LL,Leaf length (cm),11.9,Not genotyped
14,Kwanar14,Kiru,14b,b,1,14b-r1,2,NB,Number of branches,NA,Not genotyped
14,Kwanar14,Kiru,14b,b,1,14b-r1,2,NL,Number of leaves,24,Not genotyped
14,Kwanar14,Kiru,14b,b,1,14b-r1,2,PH,Plant height (cm),27.1,Not genotyped
14,Kwanar14,Kiru,14b,b,1,14b-r1,2,SD,Stem diameter,NA,Not genotyped
14,Kwanar14,Kiru,14b,b,1,14b-r1,3,LB,Leaf breadth (cm),7.3,Not genotyped
14,Kwanar14,Kiru,14b,b,1,14b-r1,3,LL,Leaf length (cm),12.5,Not genotyped
14,Kwanar14,Kiru,14b,b,1,14b-r1,3,NB,Number of branches,1,Not genotyped
14,Kwanar14,Kiru,14b,b,1,14b-r1,3,NL,Number of leaves,32,Not genotyped
14,Kwanar14,Kiru,14b,b,1,14b-r1,3,PH,Plant height (cm),75.7,Not genotyped
14,Kwanar14,Kiru,14b,b,1,14b-r1,3,SD,Stem diameter,NA,Not genotyped
14,Kwanar14,Kiru,14b,b,1,14b-r1,4,LB,Leaf breadth (cm),7.3,Not genotyped
14,Kwanar14,Kiru,14b,b,1,14b-r1,4,LL,Leaf length (cm),12.5,Not genotyped
14,Kwanar14,Kiru,14b,b,1,14b-r1,4,NB,Number of branches,1,Not genotyped
14,Kwanar14,Kiru,14b,b,1,14b-r1,4,NL,Number of leaves,32,Not genotyped
14,Kwanar14,Kiru,14b,b,1,14b-r1,4,PH,Plant height (cm),75.7,Not genotyped
14,Kwanar14,Kiru,14b,b,1,14b-r1,4,SD,Stem diameter,0.51,Not genotyped
14,Kwanar14,Kiru,14b,b,1,14b-r1,5,LB,Leaf breadth (cm),5.2,Not genotyped
14,Kwanar14,Kiru,14b,b,1,14b-r1,5,LL,Leaf length (cm),8.5,Not genotyped
14,Kwanar14,Kiru,14b,b,1,14b-r1,5,NB,Number of branches,1,Not genotyped
14,Kwanar14,Kiru,14b,b,1,14b-r1,5,NL,Number of leaves,41,Not genotyped
14,Kwanar14,Kiru,14b,b,1,14b-r1,5,PH,Plant height (cm),37,Not genotyped
14,Kwanar14,Kiru,14b,b,1,14b-r1,5,SD,Stem diameter,0.35,Not genotyped
14,Kwanar14,Kiru,14b,b,1,14b-r1,6,LB,Leaf breadth (cm),5,Not genotyped
14,Kwanar14,Kiru,14b,b,1,14b-r1,6,LL,Leaf length (cm),6,Not genotyped
14,Kwanar14,Kiru,14b,b,1,14b-r1,6,NB,Number of branches,1,Not genotyped
14,Kwanar14,Kiru,14b,b,1,14b-r1,6,NL,Number of leaves,56,Not genotyped
14,Kwanar14,Kiru,14b,b,1,14b-r1,6,PH,Plant height (cm),41,Not genotyped
14,Kwanar14,Kiru,14b,b,1,14b-r1,6,SD,Stem diameter,0.37,Not genotyped
14,Kwanar14,Kiru,14b,b,2,14b-r2,2,LB,Leaf breadth (cm),NA,Not genotyped
14,Kwanar14,Kiru,14b,b,2,14b-r2,2,LL,Leaf length (cm),NA,Not genotyped
14,Kwanar14,Kiru,14b,b,2,14b-r2,2,NB,Number of branches,0,Not genotyped
14,Kwanar14,Kiru,14b,b,2,14b-r2,2,NL,Number of leaves,NA,Not genotyped
14,Kwanar14,Kiru,14b,b,2,14b-r2,2,PH,Plant height (cm),NA,Not genotyped
14,Kwanar14,Kiru,14b,b,2,14b-r2,2,SD,Stem diameter,NA,Not genotyped
14,Kwanar14,Kiru,14b,b,2,14b-r2,3,LB,Leaf breadth (cm),NA,Not genotyped
14,Kwanar14,Kiru,14b,b,2,14b-r2,3,LL,Leaf length (cm),NA,Not genotyped
14,Kwanar14,Kiru,14b,b,2,14b-r2,3,NB,Number of branches,0,Not genotyped
14,Kwanar14,Kiru,14b,b,2,14b-r2,3,NL,Number of leaves,NA,Not genotyped
14,Kwanar14,Kiru,14b,b,2,14b-r2,3,PH,Plant height (cm),NA,Not genotyped
14,Kwanar14,Kiru,14b,b,2,14b-r2,3,SD,Stem diameter,NA,Not genotyped
14,Kwanar14,Kiru,14b,b,2,14b-r2,4,LB,Leaf breadth (cm),NA,Not genotyped
14,Kwanar14,Kiru,14b,b,2,14b-r2,4,LL,Leaf length (cm),NA,Not genotyped
14,Kwanar14,Kiru,14b,b,2,14b-r2,4,NB,Number of branches,0,Not genotyped
14,Kwanar14,Kiru,14b,b,2,14b-r2,4,NL,Number of leaves,NA,Not genotyped
14,Kwanar14,Kiru,14b,b,2,14b-r2,4,PH,Plant height (cm),NA,Not genotyped
14,Kwanar14,Kiru,14b,b,2,14b-r2,4,SD,Stem diameter,NA,Not genotyped
14,Kwanar14,Kiru,14b,b,2,14b-r2,5,LB,Leaf breadth (cm),NA,Not genotyped
14,Kwanar14,Kiru,14b,b,2,14b-r2,5,LL,Leaf length (cm),NA,Not genotyped
14,Kwanar14,Kiru,14b,b,2,14b-r2,5,NB,Number of branches,0,Not genotyped
14,Kwanar14,Kiru,14b,b,2,14b-r2,5,NL,Number of leaves,NA,Not genotyped
14,Kwanar14,Kiru,14b,b,2,14b-r2,5,PH,Plant height (cm),NA,Not genotyped
14,Kwanar14,Kiru,14b,b,2,14b-r2,5,SD,Stem diameter,NA,Not genotyped
14,Kwanar14,Kiru,14b,b,2,14b-r2,6,LB,Leaf breadth (cm),NA,Not genotyped
14,Kwanar14,Kiru,14b,b,2,14b-r2,6,LL,Leaf length (cm),NA,Not genotyped
14,Kwanar14,Kiru,14b,b,2,14b-r2,6,NB,Number of branches,0,Not genotyped
14,Kwanar14,Kiru,14b,b,2,14b-r2,6,NL,Number of leaves,NA,Not genotyped
14,Kwanar14,Kiru,14b,b,2,14b-r2,6,PH,Plant height (cm),NA,Not genotyped
14,Kwanar14,Kiru,14b,b,2,14b-r2,6,SD,Stem diameter,NA,Not genotyped
15,Wudil15,Wudil,15a,a,1,15a-r1,2,LB,Leaf breadth (cm),5.4,Not genotyped
15,Wudil15,Wudil,15a,a,1,15a-r1,2,LL,Leaf length (cm),5.3,Not genotyped
15,Wudil15,Wudil,15a,a,1,15a-r1,2,NB,Number of branches,NA,Not genotyped
15,Wudil15,Wudil,15a,a,1,15a-r1,2,NL,Number of leaves,16,Not genotyped
15,Wudil15,Wudil,15a,a,1,15a-r1,2,PH,Plant height (cm),22.6,Not genotyped
15,Wudil15,Wudil,15a,a,1,15a-r1,2,SD,Stem diameter,NA,Not genotyped
15,Wudil15,Wudil,15a,a,1,15a-r1,3,LB,Leaf breadth (cm),5.6,Not genotyped
15,Wudil15,Wudil,15a,a,1,15a-r1,3,LL,Leaf length (cm),7.5,Not genotyped
15,Wudil15,Wudil,15a,a,1,15a-r1,3,NB,Number of branches,1,Not genotyped
15,Wudil15,Wudil,15a,a,1,15a-r1,3,NL,Number of leaves,24,Not genotyped
15,Wudil15,Wudil,15a,a,1,15a-r1,3,PH,Plant height (cm),23,Not genotyped
15,Wudil15,Wudil,15a,a,1,15a-r1,3,SD,Stem diameter,NA,Not genotyped
15,Wudil15,Wudil,15a,a,1,15a-r1,4,LB,Leaf breadth (cm),5.6,Not genotyped
15,Wudil15,Wudil,15a,a,1,15a-r1,4,LL,Leaf length (cm),7.5,Not genotyped
15,Wudil15,Wudil,15a,a,1,15a-r1,4,NB,Number of branches,1,Not genotyped
15,Wudil15,Wudil,15a,a,1,15a-r1,4,NL,Number of leaves,24,Not genotyped
15,Wudil15,Wudil,15a,a,1,15a-r1,4,PH,Plant height (cm),24,Not genotyped
15,Wudil15,Wudil,15a,a,1,15a-r1,4,SD,Stem diameter,0.4,Not genotyped
15,Wudil15,Wudil,15a,a,1,15a-r1,5,LB,Leaf breadth (cm),4.5,Not genotyped
15,Wudil15,Wudil,15a,a,1,15a-r1,5,LL,Leaf length (cm),6,Not genotyped
15,Wudil15,Wudil,15a,a,1,15a-r1,5,NB,Number of branches,2,Not genotyped
15,Wudil15,Wudil,15a,a,1,15a-r1,5,NL,Number of leaves,25,Not genotyped
15,Wudil15,Wudil,15a,a,1,15a-r1,5,PH,Plant height (cm),24,Not genotyped
15,Wudil15,Wudil,15a,a,1,15a-r1,5,SD,Stem diameter,0.4,Not genotyped
15,Wudil15,Wudil,15a,a,1,15a-r1,6,LB,Leaf breadth (cm),4.5,Not genotyped
15,Wudil15,Wudil,15a,a,1,15a-r1,6,LL,Leaf length (cm),5.5,Not genotyped
15,Wudil15,Wudil,15a,a,1,15a-r1,6,NB,Number of branches,2,Not genotyped
15,Wudil15,Wudil,15a,a,1,15a-r1,6,NL,Number of leaves,40,Not genotyped
15,Wudil15,Wudil,15a,a,1,15a-r1,6,PH,Plant height (cm),28,Not genotyped
15,Wudil15,Wudil,15a,a,1,15a-r1,6,SD,Stem diameter,0.4,Not genotyped
15,Wudil15,Wudil,15a,a,2,15a-r2,2,LB,Leaf breadth (cm),7.5,Not genotyped
15,Wudil15,Wudil,15a,a,2,15a-r2,2,LL,Leaf length (cm),13.5,Not genotyped
15,Wudil15,Wudil,15a,a,2,15a-r2,2,NB,Number of branches,0,Not genotyped
15,Wudil15,Wudil,15a,a,2,15a-r2,2,NL,Number of leaves,22,Not genotyped
15,Wudil15,Wudil,15a,a,2,15a-r2,2,PH,Plant height (cm),55,Not genotyped
15,Wudil15,Wudil,15a,a,2,15a-r2,2,SD,Stem diameter,NA,Not genotyped
15,Wudil15,Wudil,15a,a,2,15a-r2,3,LB,Leaf breadth (cm),6.7,Not genotyped
15,Wudil15,Wudil,15a,a,2,15a-r2,3,LL,Leaf length (cm),13.5,Not genotyped
15,Wudil15,Wudil,15a,a,2,15a-r2,3,NB,Number of branches,1,Not genotyped
15,Wudil15,Wudil,15a,a,2,15a-r2,3,NL,Number of leaves,61,Not genotyped
15,Wudil15,Wudil,15a,a,2,15a-r2,3,PH,Plant height (cm),110,Not genotyped
15,Wudil15,Wudil,15a,a,2,15a-r2,3,SD,Stem diameter,3.65,Not genotyped
15,Wudil15,Wudil,15a,a,2,15a-r2,4,LB,Leaf breadth (cm),8.1,Not genotyped
15,Wudil15,Wudil,15a,a,2,15a-r2,4,LL,Leaf length (cm),12,Not genotyped
15,Wudil15,Wudil,15a,a,2,15a-r2,4,NB,Number of branches,3,Not genotyped
15,Wudil15,Wudil,15a,a,2,15a-r2,4,NL,Number of leaves,82,Not genotyped
15,Wudil15,Wudil,15a,a,2,15a-r2,4,PH,Plant height (cm),130,Not genotyped
15,Wudil15,Wudil,15a,a,2,15a-r2,4,SD,Stem diameter,3.7,Not genotyped
15,Wudil15,Wudil,15a,a,2,15a-r2,5,LB,Leaf breadth (cm),7.5,Not genotyped
15,Wudil15,Wudil,15a,a,2,15a-r2,5,LL,Leaf length (cm),13,Not genotyped
15,Wudil15,Wudil,15a,a,2,15a-r2,5,NB,Number of branches,3,Not genotyped
15,Wudil15,Wudil,15a,a,2,15a-r2,5,NL,Number of leaves,122,Not genotyped
15,Wudil15,Wudil,15a,a,2,15a-r2,5,PH,Plant height (cm),161,Not genotyped
15,Wudil15,Wudil,15a,a,2,15a-r2,5,SD,Stem diameter,3.8,Not genotyped
15,Wudil15,Wudil,15a,a,2,15a-r2,6,LB,Leaf breadth (cm),7.6,Not genotyped
15,Wudil15,Wudil,15a,a,2,15a-r2,6,LL,Leaf length (cm),13.4,Not genotyped
15,Wudil15,Wudil,15a,a,2,15a-r2,6,NB,Number of branches,3,Not genotyped
15,Wudil15,Wudil,15a,a,2,15a-r2,6,NL,Number of leaves,134,Not genotyped
15,Wudil15,Wudil,15a,a,2,15a-r2,6,PH,Plant height (cm),178,Not genotyped
15,Wudil15,Wudil,15a,a,2,15a-r2,6,SD,Stem diameter,3.8,Not genotyped
15,Wudil15,Wudil,15b,b,1,15b-r1,2,LB,Leaf breadth (cm),4.7,Not genotyped
15,Wudil15,Wudil,15b,b,1,15b-r1,2,LL,Leaf length (cm),7.2,Not genotyped
15,Wudil15,Wudil,15b,b,1,15b-r1,2,NB,Number of branches,NA,Not genotyped
15,Wudil15,Wudil,15b,b,1,15b-r1,2,NL,Number of leaves,25,Not genotyped
15,Wudil15,Wudil,15b,b,1,15b-r1,2,PH,Plant height (cm),21.3,Not genotyped
15,Wudil15,Wudil,15b,b,1,15b-r1,2,SD,Stem diameter,NA,Not genotyped
15,Wudil15,Wudil,15b,b,1,15b-r1,3,LB,Leaf breadth (cm),6,Not genotyped
15,Wudil15,Wudil,15b,b,1,15b-r1,3,LL,Leaf length (cm),8,Not genotyped
15,Wudil15,Wudil,15b,b,1,15b-r1,3,NB,Number of branches,NA,Not genotyped
15,Wudil15,Wudil,15b,b,1,15b-r1,3,NL,Number of leaves,37,Not genotyped
15,Wudil15,Wudil,15b,b,1,15b-r1,3,PH,Plant height (cm),42.1,Not genotyped
15,Wudil15,Wudil,15b,b,1,15b-r1,3,SD,Stem diameter,NA,Not genotyped
15,Wudil15,Wudil,15b,b,1,15b-r1,4,LB,Leaf breadth (cm),NA,Not genotyped
15,Wudil15,Wudil,15b,b,1,15b-r1,4,LL,Leaf length (cm),8.5,Not genotyped
15,Wudil15,Wudil,15b,b,1,15b-r1,4,NB,Number of branches,NA,Not genotyped
15,Wudil15,Wudil,15b,b,1,15b-r1,4,NL,Number of leaves,37,Not genotyped
15,Wudil15,Wudil,15b,b,1,15b-r1,4,PH,Plant height (cm),43.5,Not genotyped
15,Wudil15,Wudil,15b,b,1,15b-r1,4,SD,Stem diameter,0.51,Not genotyped
15,Wudil15,Wudil,15b,b,1,15b-r1,5,LB,Leaf breadth (cm),3.5,Not genotyped
15,Wudil15,Wudil,15b,b,1,15b-r1,5,LL,Leaf length (cm),5,Not genotyped
15,Wudil15,Wudil,15b,b,1,15b-r1,5,NB,Number of branches,2,Not genotyped
15,Wudil15,Wudil,15b,b,1,15b-r1,5,NL,Number of leaves,19,Not genotyped
15,Wudil15,Wudil,15b,b,1,15b-r1,5,PH,Plant height (cm),29,Not genotyped
15,Wudil15,Wudil,15b,b,1,15b-r1,5,SD,Stem diameter,0.45,Not genotyped
15,Wudil15,Wudil,15b,b,1,15b-r1,6,LB,Leaf breadth (cm),5,Not genotyped
15,Wudil15,Wudil,15b,b,1,15b-r1,6,LL,Leaf length (cm),5.3,Not genotyped
15,Wudil15,Wudil,15b,b,1,15b-r1,6,NB,Number of branches,2,Not genotyped
15,Wudil15,Wudil,15b,b,1,15b-r1,6,NL,Number of leaves,30,Not genotyped
15,Wudil15,Wudil,15b,b,1,15b-r1,6,PH,Plant height (cm),36,Not genotyped
15,Wudil15,Wudil,15b,b,1,15b-r1,6,SD,Stem diameter,0.5,Not genotyped
15,Wudil15,Wudil,15b,b,2,15b-r2,2,LB,Leaf breadth (cm),8,Not genotyped
15,Wudil15,Wudil,15b,b,2,15b-r2,2,LL,Leaf length (cm),11,Not genotyped
15,Wudil15,Wudil,15b,b,2,15b-r2,2,NB,Number of branches,0,Not genotyped
15,Wudil15,Wudil,15b,b,2,15b-r2,2,NL,Number of leaves,24,Not genotyped
15,Wudil15,Wudil,15b,b,2,15b-r2,2,PH,Plant height (cm),30,Not genotyped
15,Wudil15,Wudil,15b,b,2,15b-r2,2,SD,Stem diameter,NA,Not genotyped
15,Wudil15,Wudil,15b,b,2,15b-r2,3,LB,Leaf breadth (cm),8.9,Not genotyped
15,Wudil15,Wudil,15b,b,2,15b-r2,3,LL,Leaf length (cm),12.7,Not genotyped
15,Wudil15,Wudil,15b,b,2,15b-r2,3,NB,Number of branches,1,Not genotyped
15,Wudil15,Wudil,15b,b,2,15b-r2,3,NL,Number of leaves,44,Not genotyped
15,Wudil15,Wudil,15b,b,2,15b-r2,3,PH,Plant height (cm),110,Not genotyped
15,Wudil15,Wudil,15b,b,2,15b-r2,3,SD,Stem diameter,3.65,Not genotyped
15,Wudil15,Wudil,15b,b,2,15b-r2,4,LB,Leaf breadth (cm),9,Not genotyped
15,Wudil15,Wudil,15b,b,2,15b-r2,4,LL,Leaf length (cm),11.4,Not genotyped
15,Wudil15,Wudil,15b,b,2,15b-r2,4,NB,Number of branches,3,Not genotyped
15,Wudil15,Wudil,15b,b,2,15b-r2,4,NL,Number of leaves,72,Not genotyped
15,Wudil15,Wudil,15b,b,2,15b-r2,4,PH,Plant height (cm),160,Not genotyped
15,Wudil15,Wudil,15b,b,2,15b-r2,4,SD,Stem diameter,3.65,Not genotyped
15,Wudil15,Wudil,15b,b,2,15b-r2,5,LB,Leaf breadth (cm),8,Not genotyped
15,Wudil15,Wudil,15b,b,2,15b-r2,5,LL,Leaf length (cm),10.5,Not genotyped
15,Wudil15,Wudil,15b,b,2,15b-r2,5,NB,Number of branches,3,Not genotyped
15,Wudil15,Wudil,15b,b,2,15b-r2,5,NL,Number of leaves,111,Not genotyped
15,Wudil15,Wudil,15b,b,2,15b-r2,5,PH,Plant height (cm),231,Not genotyped
15,Wudil15,Wudil,15b,b,2,15b-r2,5,SD,Stem diameter,3.7,Not genotyped
15,Wudil15,Wudil,15b,b,2,15b-r2,6,LB,Leaf breadth (cm),7.6,Not genotyped
15,Wudil15,Wudil,15b,b,2,15b-r2,6,LL,Leaf length (cm),10.2,Not genotyped
15,Wudil15,Wudil,15b,b,2,15b-r2,6,NB,Number of branches,3,Not genotyped
15,Wudil15,Wudil,15b,b,2,15b-r2,6,NL,Number of leaves,122,Not genotyped
15,Wudil15,Wudil,15b,b,2,15b-r2,6,PH,Plant height (cm),260,Not genotyped
15,Wudil15,Wudil,15b,b,2,15b-r2,6,SD,Stem diameter,3.7,Not genotyped
16,Darki16,Wudil,16a,a,1,16a-r1,2,LB,Leaf breadth (cm),4.6,Not genotyped
16,Darki16,Wudil,16a,a,1,16a-r1,2,LL,Leaf length (cm),8,Not genotyped
16,Darki16,Wudil,16a,a,1,16a-r1,2,NB,Number of branches,NA,Not genotyped
16,Darki16,Wudil,16a,a,1,16a-r1,2,NL,Number of leaves,13,Not genotyped
16,Darki16,Wudil,16a,a,1,16a-r1,2,PH,Plant height (cm),19.3,Not genotyped
16,Darki16,Wudil,16a,a,1,16a-r1,2,SD,Stem diameter,NA,Not genotyped
16,Darki16,Wudil,16a,a,1,16a-r1,3,LB,Leaf breadth (cm),3.8,Not genotyped
16,Darki16,Wudil,16a,a,1,16a-r1,3,LL,Leaf length (cm),8.5,Not genotyped
16,Darki16,Wudil,16a,a,1,16a-r1,3,NB,Number of branches,NA,Not genotyped
16,Darki16,Wudil,16a,a,1,16a-r1,3,NL,Number of leaves,27,Not genotyped
16,Darki16,Wudil,16a,a,1,16a-r1,3,PH,Plant height (cm),22.2,Not genotyped
16,Darki16,Wudil,16a,a,1,16a-r1,3,SD,Stem diameter,NA,Not genotyped
16,Darki16,Wudil,16a,a,1,16a-r1,4,LB,Leaf breadth (cm),5.4,Not genotyped
16,Darki16,Wudil,16a,a,1,16a-r1,4,LL,Leaf length (cm),9,Not genotyped
16,Darki16,Wudil,16a,a,1,16a-r1,4,NB,Number of branches,NA,Not genotyped
16,Darki16,Wudil,16a,a,1,16a-r1,4,NL,Number of leaves,27,Not genotyped
16,Darki16,Wudil,16a,a,1,16a-r1,4,PH,Plant height (cm),22.4,Not genotyped
16,Darki16,Wudil,16a,a,1,16a-r1,4,SD,Stem diameter,0.48,Not genotyped
16,Darki16,Wudil,16a,a,1,16a-r1,5,LB,Leaf breadth (cm),5,Not genotyped
16,Darki16,Wudil,16a,a,1,16a-r1,5,LL,Leaf length (cm),7.5,Not genotyped
16,Darki16,Wudil,16a,a,1,16a-r1,5,NB,Number of branches,2,Not genotyped
16,Darki16,Wudil,16a,a,1,16a-r1,5,NL,Number of leaves,32,Not genotyped
16,Darki16,Wudil,16a,a,1,16a-r1,5,PH,Plant height (cm),24,Not genotyped
16,Darki16,Wudil,16a,a,1,16a-r1,5,SD,Stem diameter,0.4,Not genotyped
16,Darki16,Wudil,16a,a,1,16a-r1,6,LB,Leaf breadth (cm),5.5,Not genotyped
16,Darki16,Wudil,16a,a,1,16a-r1,6,LL,Leaf length (cm),6.9,Not genotyped
16,Darki16,Wudil,16a,a,1,16a-r1,6,NB,Number of branches,2,Not genotyped
16,Darki16,Wudil,16a,a,1,16a-r1,6,NL,Number of leaves,41,Not genotyped
16,Darki16,Wudil,16a,a,1,16a-r1,6,PH,Plant height (cm),30,Not genotyped
16,Darki16,Wudil,16a,a,1,16a-r1,6,SD,Stem diameter,0.45,Not genotyped
16,Darki16,Wudil,16a,a,2,16a-r2,2,LB,Leaf breadth (cm),7.5,Not genotyped
16,Darki16,Wudil,16a,a,2,16a-r2,2,LL,Leaf length (cm),12.5,Not genotyped
16,Darki16,Wudil,16a,a,2,16a-r2,2,NB,Number of branches,0,Not genotyped
16,Darki16,Wudil,16a,a,2,16a-r2,2,NL,Number of leaves,36,Not genotyped
16,Darki16,Wudil,16a,a,2,16a-r2,2,PH,Plant height (cm),80,Not genotyped
16,Darki16,Wudil,16a,a,2,16a-r2,2,SD,Stem diameter,NA,Not genotyped
16,Darki16,Wudil,16a,a,2,16a-r2,3,LB,Leaf breadth (cm),9,Not genotyped
16,Darki16,Wudil,16a,a,2,16a-r2,3,LL,Leaf length (cm),12.5,Not genotyped
16,Darki16,Wudil,16a,a,2,16a-r2,3,NB,Number of branches,1,Not genotyped
16,Darki16,Wudil,16a,a,2,16a-r2,3,NL,Number of leaves,69,Not genotyped
16,Darki16,Wudil,16a,a,2,16a-r2,3,PH,Plant height (cm),250,Not genotyped
16,Darki16,Wudil,16a,a,2,16a-r2,3,SD,Stem diameter,3.7,Not genotyped
16,Darki16,Wudil,16a,a,2,16a-r2,4,LB,Leaf breadth (cm),9,Not genotyped
16,Darki16,Wudil,16a,a,2,16a-r2,4,LL,Leaf length (cm),13,Not genotyped
16,Darki16,Wudil,16a,a,2,16a-r2,4,NB,Number of branches,3,Not genotyped
16,Darki16,Wudil,16a,a,2,16a-r2,4,NL,Number of leaves,108,Not genotyped
16,Darki16,Wudil,16a,a,2,16a-r2,4,PH,Plant height (cm),350,Not genotyped
16,Darki16,Wudil,16a,a,2,16a-r2,4,SD,Stem diameter,3.7,Not genotyped
16,Darki16,Wudil,16a,a,2,16a-r2,5,LB,Leaf breadth (cm),9.2,Not genotyped
16,Darki16,Wudil,16a,a,2,16a-r2,5,LL,Leaf length (cm),13,Not genotyped
16,Darki16,Wudil,16a,a,2,16a-r2,5,NB,Number of branches,3,Not genotyped
16,Darki16,Wudil,16a,a,2,16a-r2,5,NL,Number of leaves,127,Not genotyped
16,Darki16,Wudil,16a,a,2,16a-r2,5,PH,Plant height (cm),350,Not genotyped
16,Darki16,Wudil,16a,a,2,16a-r2,5,SD,Stem diameter,3.8,Not genotyped
16,Darki16,Wudil,16a,a,2,16a-r2,6,LB,Leaf breadth (cm),8.3,Not genotyped
16,Darki16,Wudil,16a,a,2,16a-r2,6,LL,Leaf length (cm),13.4,Not genotyped
16,Darki16,Wudil,16a,a,2,16a-r2,6,NB,Number of branches,3,Not genotyped
16,Darki16,Wudil,16a,a,2,16a-r2,6,NL,Number of leaves,140,Not genotyped
16,Darki16,Wudil,16a,a,2,16a-r2,6,PH,Plant height (cm),350,Not genotyped
16,Darki16,Wudil,16a,a,2,16a-r2,6,SD,Stem diameter,3.8,Not genotyped
16,Darki16,Wudil,16b,b,1,16b-r1,2,LB,Leaf breadth (cm),5.7,Not genotyped
16,Darki16,Wudil,16b,b,1,16b-r1,2,LL,Leaf length (cm),7.5,Not genotyped
16,Darki16,Wudil,16b,b,1,16b-r1,2,NB,Number of branches,3,Not genotyped
16,Darki16,Wudil,16b,b,1,16b-r1,2,NL,Number of leaves,23,Not genotyped
16,Darki16,Wudil,16b,b,1,16b-r1,2,PH,Plant height (cm),36.2,Not genotyped
16,Darki16,Wudil,16b,b,1,16b-r1,2,SD,Stem diameter,NA,Not genotyped
16,Darki16,Wudil,16b,b,1,16b-r1,3,LB,Leaf breadth (cm),6.4,Not genotyped
16,Darki16,Wudil,16b,b,1,16b-r1,3,LL,Leaf length (cm),9.3,Not genotyped
16,Darki16,Wudil,16b,b,1,16b-r1,3,NB,Number of branches,NA,Not genotyped
16,Darki16,Wudil,16b,b,1,16b-r1,3,NL,Number of leaves,32,Not genotyped
16,Darki16,Wudil,16b,b,1,16b-r1,3,PH,Plant height (cm),22.1,Not genotyped
16,Darki16,Wudil,16b,b,1,16b-r1,3,SD,Stem diameter,NA,Not genotyped
16,Darki16,Wudil,16b,b,1,16b-r1,4,LB,Leaf breadth (cm),7.4,Not genotyped
16,Darki16,Wudil,16b,b,1,16b-r1,4,LL,Leaf length (cm),12,Not genotyped
16,Darki16,Wudil,16b,b,1,16b-r1,4,NB,Number of branches,NA,Not genotyped
16,Darki16,Wudil,16b,b,1,16b-r1,4,NL,Number of leaves,42,Not genotyped
16,Darki16,Wudil,16b,b,1,16b-r1,4,PH,Plant height (cm),167.3,Not genotyped
16,Darki16,Wudil,16b,b,1,16b-r1,4,SD,Stem diameter,0.6,Not genotyped
16,Darki16,Wudil,16b,b,1,16b-r1,5,LB,Leaf breadth (cm),NA,Not genotyped
16,Darki16,Wudil,16b,b,1,16b-r1,5,LL,Leaf length (cm),NA,Not genotyped
16,Darki16,Wudil,16b,b,1,16b-r1,5,NB,Number of branches,NA,Not genotyped
16,Darki16,Wudil,16b,b,1,16b-r1,5,NL,Number of leaves,NA,Not genotyped
16,Darki16,Wudil,16b,b,1,16b-r1,5,PH,Plant height (cm),NA,Not genotyped
16,Darki16,Wudil,16b,b,1,16b-r1,5,SD,Stem diameter,NA,Not genotyped
16,Darki16,Wudil,16b,b,1,16b-r1,6,LB,Leaf breadth (cm),NA,Not genotyped
16,Darki16,Wudil,16b,b,1,16b-r1,6,LL,Leaf length (cm),NA,Not genotyped
16,Darki16,Wudil,16b,b,1,16b-r1,6,NB,Number of branches,NA,Not genotyped
16,Darki16,Wudil,16b,b,1,16b-r1,6,NL,Number of leaves,NA,Not genotyped
16,Darki16,Wudil,16b,b,1,16b-r1,6,PH,Plant height (cm),NA,Not genotyped
16,Darki16,Wudil,16b,b,1,16b-r1,6,SD,Stem diameter,NA,Not genotyped
16,Darki16,Wudil,16b,b,2,16b-r2,2,LB,Leaf breadth (cm),7.5,Not genotyped
16,Darki16,Wudil,16b,b,2,16b-r2,2,LL,Leaf length (cm),12.5,Not genotyped
16,Darki16,Wudil,16b,b,2,16b-r2,2,NB,Number of branches,0,Not genotyped
16,Darki16,Wudil,16b,b,2,16b-r2,2,NL,Number of leaves,36,Not genotyped
16,Darki16,Wudil,16b,b,2,16b-r2,2,PH,Plant height (cm),80,Not genotyped
16,Darki16,Wudil,16b,b,2,16b-r2,2,SD,Stem diameter,NA,Not genotyped
16,Darki16,Wudil,16b,b,2,16b-r2,3,LB,Leaf breadth (cm),6.9,Not genotyped
16,Darki16,Wudil,16b,b,2,16b-r2,3,LL,Leaf length (cm),10.2,Not genotyped
16,Darki16,Wudil,16b,b,2,16b-r2,3,NB,Number of branches,3,Not genotyped
16,Darki16,Wudil,16b,b,2,16b-r2,3,NL,Number of leaves,54,Not genotyped
16,Darki16,Wudil,16b,b,2,16b-r2,3,PH,Plant height (cm),150,Not genotyped
16,Darki16,Wudil,16b,b,2,16b-r2,3,SD,Stem diameter,3.6,Not genotyped
16,Darki16,Wudil,16b,b,2,16b-r2,4,LB,Leaf breadth (cm),5.5,Not genotyped
16,Darki16,Wudil,16b,b,2,16b-r2,4,LL,Leaf length (cm),9,Not genotyped
16,Darki16,Wudil,16b,b,2,16b-r2,4,NB,Number of branches,4,Not genotyped
16,Darki16,Wudil,16b,b,2,16b-r2,4,NL,Number of leaves,71,Not genotyped
16,Darki16,Wudil,16b,b,2,16b-r2,4,PH,Plant height (cm),230,Not genotyped
16,Darki16,Wudil,16b,b,2,16b-r2,4,SD,Stem diameter,3.65,Not genotyped
16,Darki16,Wudil,16b,b,2,16b-r2,5,LB,Leaf breadth (cm),7.3,Not genotyped
16,Darki16,Wudil,16b,b,2,16b-r2,5,LL,Leaf length (cm),11,Not genotyped
16,Darki16,Wudil,16b,b,2,16b-r2,5,NB,Number of branches,4,Not genotyped
16,Darki16,Wudil,16b,b,2,16b-r2,5,NL,Number of leaves,150,Not genotyped
16,Darki16,Wudil,16b,b,2,16b-r2,5,PH,Plant height (cm),250,Not genotyped
16,Darki16,Wudil,16b,b,2,16b-r2,5,SD,Stem diameter,3.8,Not genotyped
16,Darki16,Wudil,16b,b,2,16b-r2,6,LB,Leaf breadth (cm),6.1,Not genotyped
16,Darki16,Wudil,16b,b,2,16b-r2,6,LL,Leaf length (cm),11.4,Not genotyped
16,Darki16,Wudil,16b,b,2,16b-r2,6,NB,Number of branches,4,Not genotyped
16,Darki16,Wudil,16b,b,2,16b-r2,6,NL,Number of leaves,165,Not genotyped
16,Darki16,Wudil,16b,b,2,16b-r2,6,PH,Plant height (cm),262,Not genotyped
16,Darki16,Wudil,16b,b,2,16b-r2,6,SD,Stem diameter,3.8,Not genotyped
17,Lahadin17,Dawakin Kudu,17a,a,1,17a-r1,2,LB,Leaf breadth (cm),5.1,Not genotyped
17,Lahadin17,Dawakin Kudu,17a,a,1,17a-r1,2,LL,Leaf length (cm),7.6,Not genotyped
17,Lahadin17,Dawakin Kudu,17a,a,1,17a-r1,2,NB,Number of branches,2,Not genotyped
17,Lahadin17,Dawakin Kudu,17a,a,1,17a-r1,2,NL,Number of leaves,26,Not genotyped
17,Lahadin17,Dawakin Kudu,17a,a,1,17a-r1,2,PH,Plant height (cm),37.1,Not genotyped
17,Lahadin17,Dawakin Kudu,17a,a,1,17a-r1,2,SD,Stem diameter,NA,Not genotyped
17,Lahadin17,Dawakin Kudu,17a,a,1,17a-r1,3,LB,Leaf breadth (cm),4.7,Not genotyped
17,Lahadin17,Dawakin Kudu,17a,a,1,17a-r1,3,LL,Leaf length (cm),7.6,Not genotyped
17,Lahadin17,Dawakin Kudu,17a,a,1,17a-r1,3,NB,Number of branches,2,Not genotyped
17,Lahadin17,Dawakin Kudu,17a,a,1,17a-r1,3,NL,Number of leaves,36,Not genotyped
17,Lahadin17,Dawakin Kudu,17a,a,1,17a-r1,3,PH,Plant height (cm),37.5,Not genotyped
17,Lahadin17,Dawakin Kudu,17a,a,1,17a-r1,3,SD,Stem diameter,NA,Not genotyped
17,Lahadin17,Dawakin Kudu,17a,a,1,17a-r1,4,LB,Leaf breadth (cm),5.6,Not genotyped
17,Lahadin17,Dawakin Kudu,17a,a,1,17a-r1,4,LL,Leaf length (cm),7.6,Not genotyped
17,Lahadin17,Dawakin Kudu,17a,a,1,17a-r1,4,NB,Number of branches,2,Not genotyped
17,Lahadin17,Dawakin Kudu,17a,a,1,17a-r1,4,NL,Number of leaves,36,Not genotyped
17,Lahadin17,Dawakin Kudu,17a,a,1,17a-r1,4,PH,Plant height (cm),37.5,Not genotyped
17,Lahadin17,Dawakin Kudu,17a,a,1,17a-r1,4,SD,Stem diameter,0.52,Not genotyped
17,Lahadin17,Dawakin Kudu,17a,a,1,17a-r1,5,LB,Leaf breadth (cm),3.2,Not genotyped
17,Lahadin17,Dawakin Kudu,17a,a,1,17a-r1,5,LL,Leaf length (cm),5,Not genotyped
17,Lahadin17,Dawakin Kudu,17a,a,1,17a-r1,5,NB,Number of branches,3,Not genotyped
17,Lahadin17,Dawakin Kudu,17a,a,1,17a-r1,5,NL,Number of leaves,65,Not genotyped
17,Lahadin17,Dawakin Kudu,17a,a,1,17a-r1,5,PH,Plant height (cm),32,Not genotyped
17,Lahadin17,Dawakin Kudu,17a,a,1,17a-r1,5,SD,Stem diameter,0.55,Not genotyped
17,Lahadin17,Dawakin Kudu,17a,a,1,17a-r1,6,LB,Leaf breadth (cm),5,Not genotyped
17,Lahadin17,Dawakin Kudu,17a,a,1,17a-r1,6,LL,Leaf length (cm),5.5,Not genotyped
17,Lahadin17,Dawakin Kudu,17a,a,1,17a-r1,6,NB,Number of branches,3,Not genotyped
17,Lahadin17,Dawakin Kudu,17a,a,1,17a-r1,6,NL,Number of leaves,72,Not genotyped
17,Lahadin17,Dawakin Kudu,17a,a,1,17a-r1,6,PH,Plant height (cm),33,Not genotyped
17,Lahadin17,Dawakin Kudu,17a,a,1,17a-r1,6,SD,Stem diameter,0.57,Not genotyped
17,Lahadin17,Dawakin Kudu,17a,a,2,17a-r2,2,LB,Leaf breadth (cm),7.9,Not genotyped
17,Lahadin17,Dawakin Kudu,17a,a,2,17a-r2,2,LL,Leaf length (cm),11.5,Not genotyped
17,Lahadin17,Dawakin Kudu,17a,a,2,17a-r2,2,NB,Number of branches,1,Not genotyped
17,Lahadin17,Dawakin Kudu,17a,a,2,17a-r2,2,NL,Number of leaves,20,Not genotyped
17,Lahadin17,Dawakin Kudu,17a,a,2,17a-r2,2,PH,Plant height (cm),79,Not genotyped
17,Lahadin17,Dawakin Kudu,17a,a,2,17a-r2,2,SD,Stem diameter,NA,Not genotyped
17,Lahadin17,Dawakin Kudu,17a,a,2,17a-r2,3,LB,Leaf breadth (cm),7.7,Not genotyped
17,Lahadin17,Dawakin Kudu,17a,a,2,17a-r2,3,LL,Leaf length (cm),10.6,Not genotyped
17,Lahadin17,Dawakin Kudu,17a,a,2,17a-r2,3,NB,Number of branches,2,Not genotyped
17,Lahadin17,Dawakin Kudu,17a,a,2,17a-r2,3,NL,Number of leaves,62,Not genotyped
17,Lahadin17,Dawakin Kudu,17a,a,2,17a-r2,3,PH,Plant height (cm),241,Not genotyped
17,Lahadin17,Dawakin Kudu,17a,a,2,17a-r2,3,SD,Stem diameter,3.7,Not genotyped
17,Lahadin17,Dawakin Kudu,17a,a,2,17a-r2,4,LB,Leaf breadth (cm),7.1,Not genotyped
17,Lahadin17,Dawakin Kudu,17a,a,2,17a-r2,4,LL,Leaf length (cm),10.7,Not genotyped
17,Lahadin17,Dawakin Kudu,17a,a,2,17a-r2,4,NB,Number of branches,3,Not genotyped
17,Lahadin17,Dawakin Kudu,17a,a,2,17a-r2,4,NL,Number of leaves,81,Not genotyped
17,Lahadin17,Dawakin Kudu,17a,a,2,17a-r2,4,PH,Plant height (cm),350,Not genotyped
17,Lahadin17,Dawakin Kudu,17a,a,2,17a-r2,4,SD,Stem diameter,3.7,Not genotyped
17,Lahadin17,Dawakin Kudu,17a,a,2,17a-r2,5,LB,Leaf breadth (cm),7.7,Not genotyped
17,Lahadin17,Dawakin Kudu,17a,a,2,17a-r2,5,LL,Leaf length (cm),11,Not genotyped
17,Lahadin17,Dawakin Kudu,17a,a,2,17a-r2,5,NB,Number of branches,3,Not genotyped
17,Lahadin17,Dawakin Kudu,17a,a,2,17a-r2,5,NL,Number of leaves,106,Not genotyped
17,Lahadin17,Dawakin Kudu,17a,a,2,17a-r2,5,PH,Plant height (cm),261,Not genotyped
17,Lahadin17,Dawakin Kudu,17a,a,2,17a-r2,5,SD,Stem diameter,3.7,Not genotyped
17,Lahadin17,Dawakin Kudu,17a,a,2,17a-r2,6,LB,Leaf breadth (cm),8,Not genotyped
17,Lahadin17,Dawakin Kudu,17a,a,2,17a-r2,6,LL,Leaf length (cm),11.3,Not genotyped
17,Lahadin17,Dawakin Kudu,17a,a,2,17a-r2,6,NB,Number of branches,3,Not genotyped
17,Lahadin17,Dawakin Kudu,17a,a,2,17a-r2,6,NL,Number of leaves,117,Not genotyped
17,Lahadin17,Dawakin Kudu,17a,a,2,17a-r2,6,PH,Plant height (cm),280,Not genotyped
17,Lahadin17,Dawakin Kudu,17a,a,2,17a-r2,6,SD,Stem diameter,3.7,Not genotyped
17,Lahadin17,Dawakin Kudu,17b,b,1,17b-r1,2,LB,Leaf breadth (cm),6.8,Not genotyped
17,Lahadin17,Dawakin Kudu,17b,b,1,17b-r1,2,LL,Leaf length (cm),9.9,Not genotyped
17,Lahadin17,Dawakin Kudu,17b,b,1,17b-r1,2,NB,Number of branches,1,Not genotyped
17,Lahadin17,Dawakin Kudu,17b,b,1,17b-r1,2,NL,Number of leaves,33,Not genotyped
17,Lahadin17,Dawakin Kudu,17b,b,1,17b-r1,2,PH,Plant height (cm),58.7,Not genotyped
17,Lahadin17,Dawakin Kudu,17b,b,1,17b-r1,2,SD,Stem diameter,NA,Not genotyped
17,Lahadin17,Dawakin Kudu,17b,b,1,17b-r1,3,LB,Leaf breadth (cm),4.4,Not genotyped
17,Lahadin17,Dawakin Kudu,17b,b,1,17b-r1,3,LL,Leaf length (cm),9.9,Not genotyped
17,Lahadin17,Dawakin Kudu,17b,b,1,17b-r1,3,NB,Number of branches,1,Not genotyped
17,Lahadin17,Dawakin Kudu,17b,b,1,17b-r1,3,NL,Number of leaves,24,Not genotyped
17,Lahadin17,Dawakin Kudu,17b,b,1,17b-r1,3,PH,Plant height (cm),26.4,Not genotyped
17,Lahadin17,Dawakin Kudu,17b,b,1,17b-r1,3,SD,Stem diameter,NA,Not genotyped
17,Lahadin17,Dawakin Kudu,17b,b,1,17b-r1,4,LB,Leaf breadth (cm),5.6,Not genotyped
17,Lahadin17,Dawakin Kudu,17b,b,1,17b-r1,4,LL,Leaf length (cm),9.9,Not genotyped
17,Lahadin17,Dawakin Kudu,17b,b,1,17b-r1,4,NB,Number of branches,1,Not genotyped
17,Lahadin17,Dawakin Kudu,17b,b,1,17b-r1,4,NL,Number of leaves,24,Not genotyped
17,Lahadin17,Dawakin Kudu,17b,b,1,17b-r1,4,PH,Plant height (cm),27,Not genotyped
17,Lahadin17,Dawakin Kudu,17b,b,1,17b-r1,4,SD,Stem diameter,0.41,Not genotyped
17,Lahadin17,Dawakin Kudu,17b,b,1,17b-r1,5,LB,Leaf breadth (cm),5.1,Not genotyped
17,Lahadin17,Dawakin Kudu,17b,b,1,17b-r1,5,LL,Leaf length (cm),8,Not genotyped
17,Lahadin17,Dawakin Kudu,17b,b,1,17b-r1,5,NB,Number of branches,3,Not genotyped
17,Lahadin17,Dawakin Kudu,17b,b,1,17b-r1,5,NL,Number of leaves,50,Not genotyped
17,Lahadin17,Dawakin Kudu,17b,b,1,17b-r1,5,PH,Plant height (cm),32,Not genotyped
17,Lahadin17,Dawakin Kudu,17b,b,1,17b-r1,5,SD,Stem diameter,0.45,Not genotyped
17,Lahadin17,Dawakin Kudu,17b,b,1,17b-r1,6,LB,Leaf breadth (cm),5.8,Not genotyped
17,Lahadin17,Dawakin Kudu,17b,b,1,17b-r1,6,LL,Leaf length (cm),9,Not genotyped
17,Lahadin17,Dawakin Kudu,17b,b,1,17b-r1,6,NB,Number of branches,3,Not genotyped
17,Lahadin17,Dawakin Kudu,17b,b,1,17b-r1,6,NL,Number of leaves,64,Not genotyped
17,Lahadin17,Dawakin Kudu,17b,b,1,17b-r1,6,PH,Plant height (cm),36,Not genotyped
17,Lahadin17,Dawakin Kudu,17b,b,1,17b-r1,6,SD,Stem diameter,0.47,Not genotyped
17,Lahadin17,Dawakin Kudu,17b,b,2,17b-r2,2,LB,Leaf breadth (cm),5.2,Not genotyped
17,Lahadin17,Dawakin Kudu,17b,b,2,17b-r2,2,LL,Leaf length (cm),9,Not genotyped
17,Lahadin17,Dawakin Kudu,17b,b,2,17b-r2,2,NB,Number of branches,0,Not genotyped
17,Lahadin17,Dawakin Kudu,17b,b,2,17b-r2,2,NL,Number of leaves,32,Not genotyped
17,Lahadin17,Dawakin Kudu,17b,b,2,17b-r2,2,PH,Plant height (cm),25,Not genotyped
17,Lahadin17,Dawakin Kudu,17b,b,2,17b-r2,2,SD,Stem diameter,NA,Not genotyped
17,Lahadin17,Dawakin Kudu,17b,b,2,17b-r2,3,LB,Leaf breadth (cm),6.5,Not genotyped
17,Lahadin17,Dawakin Kudu,17b,b,2,17b-r2,3,LL,Leaf length (cm),10,Not genotyped
17,Lahadin17,Dawakin Kudu,17b,b,2,17b-r2,3,NB,Number of branches,0,Not genotyped
17,Lahadin17,Dawakin Kudu,17b,b,2,17b-r2,3,NL,Number of leaves,47,Not genotyped
17,Lahadin17,Dawakin Kudu,17b,b,2,17b-r2,3,PH,Plant height (cm),115,Not genotyped
17,Lahadin17,Dawakin Kudu,17b,b,2,17b-r2,3,SD,Stem diameter,3.45,Not genotyped
17,Lahadin17,Dawakin Kudu,17b,b,2,17b-r2,4,LB,Leaf breadth (cm),8,Not genotyped
17,Lahadin17,Dawakin Kudu,17b,b,2,17b-r2,4,LL,Leaf length (cm),11.5,Not genotyped
17,Lahadin17,Dawakin Kudu,17b,b,2,17b-r2,4,NB,Number of branches,0,Not genotyped
17,Lahadin17,Dawakin Kudu,17b,b,2,17b-r2,4,NL,Number of leaves,78,Not genotyped
17,Lahadin17,Dawakin Kudu,17b,b,2,17b-r2,4,PH,Plant height (cm),240,Not genotyped
17,Lahadin17,Dawakin Kudu,17b,b,2,17b-r2,4,SD,Stem diameter,3.55,Not genotyped
17,Lahadin17,Dawakin Kudu,17b,b,2,17b-r2,5,LB,Leaf breadth (cm),7.3,Not genotyped
17,Lahadin17,Dawakin Kudu,17b,b,2,17b-r2,5,LL,Leaf length (cm),11.8,Not genotyped
17,Lahadin17,Dawakin Kudu,17b,b,2,17b-r2,5,NB,Number of branches,0,Not genotyped
17,Lahadin17,Dawakin Kudu,17b,b,2,17b-r2,5,NL,Number of leaves,110,Not genotyped
17,Lahadin17,Dawakin Kudu,17b,b,2,17b-r2,5,PH,Plant height (cm),263,Not genotyped
17,Lahadin17,Dawakin Kudu,17b,b,2,17b-r2,5,SD,Stem diameter,3.6,Not genotyped
17,Lahadin17,Dawakin Kudu,17b,b,2,17b-r2,6,LB,Leaf breadth (cm),7.4,Not genotyped
17,Lahadin17,Dawakin Kudu,17b,b,2,17b-r2,6,LL,Leaf length (cm),12.1,Not genotyped
17,Lahadin17,Dawakin Kudu,17b,b,2,17b-r2,6,NB,Number of branches,0,Not genotyped
17,Lahadin17,Dawakin Kudu,17b,b,2,17b-r2,6,NL,Number of leaves,121,Not genotyped
17,Lahadin17,Dawakin Kudu,17b,b,2,17b-r2,6,PH,Plant height (cm),280,Not genotyped
17,Lahadin17,Dawakin Kudu,17b,b,2,17b-r2,6,SD,Stem diameter,3.6,Not genotyped
18,Dawaki18,Dawakin Kudu,18a,a,1,18a-r1,2,LB,Leaf breadth (cm),8.6,Not genotyped
18,Dawaki18,Dawakin Kudu,18a,a,1,18a-r1,2,LL,Leaf length (cm),11.8,Not genotyped
18,Dawaki18,Dawakin Kudu,18a,a,1,18a-r1,2,NB,Number of branches,1,Not genotyped
18,Dawaki18,Dawakin Kudu,18a,a,1,18a-r1,2,NL,Number of leaves,26,Not genotyped
18,Dawaki18,Dawakin Kudu,18a,a,1,18a-r1,2,PH,Plant height (cm),60.3,Not genotyped
18,Dawaki18,Dawakin Kudu,18a,a,1,18a-r1,2,SD,Stem diameter,NA,Not genotyped
18,Dawaki18,Dawakin Kudu,18a,a,1,18a-r1,3,LB,Leaf breadth (cm),6.3,Not genotyped
18,Dawaki18,Dawakin Kudu,18a,a,1,18a-r1,3,LL,Leaf length (cm),11.8,Not genotyped
18,Dawaki18,Dawakin Kudu,18a,a,1,18a-r1,3,NB,Number of branches,1,Not genotyped
18,Dawaki18,Dawakin Kudu,18a,a,1,18a-r1,3,NL,Number of leaves,34,Not genotyped
18,Dawaki18,Dawakin Kudu,18a,a,1,18a-r1,3,PH,Plant height (cm),79.2,Not genotyped
18,Dawaki18,Dawakin Kudu,18a,a,1,18a-r1,3,SD,Stem diameter,NA,Not genotyped
18,Dawaki18,Dawakin Kudu,18a,a,1,18a-r1,4,LB,Leaf breadth (cm),8.9,Not genotyped
18,Dawaki18,Dawakin Kudu,18a,a,1,18a-r1,4,LL,Leaf length (cm),12,Not genotyped
18,Dawaki18,Dawakin Kudu,18a,a,1,18a-r1,4,NB,Number of branches,1,Not genotyped
18,Dawaki18,Dawakin Kudu,18a,a,1,18a-r1,4,NL,Number of leaves,41,Not genotyped
18,Dawaki18,Dawakin Kudu,18a,a,1,18a-r1,4,PH,Plant height (cm),79.7,Not genotyped
18,Dawaki18,Dawakin Kudu,18a,a,1,18a-r1,4,SD,Stem diameter,0.61,Not genotyped
18,Dawaki18,Dawakin Kudu,18a,a,1,18a-r1,5,LB,Leaf breadth (cm),7.5,Not genotyped
18,Dawaki18,Dawakin Kudu,18a,a,1,18a-r1,5,LL,Leaf length (cm),11.4,Not genotyped
18,Dawaki18,Dawakin Kudu,18a,a,1,18a-r1,5,NB,Number of branches,1,Not genotyped
18,Dawaki18,Dawakin Kudu,18a,a,1,18a-r1,5,NL,Number of leaves,64,Not genotyped
18,Dawaki18,Dawakin Kudu,18a,a,1,18a-r1,5,PH,Plant height (cm),82,Not genotyped
18,Dawaki18,Dawakin Kudu,18a,a,1,18a-r1,5,SD,Stem diameter,0.7,Not genotyped
18,Dawaki18,Dawakin Kudu,18a,a,1,18a-r1,6,LB,Leaf breadth (cm),6.9,Not genotyped
18,Dawaki18,Dawakin Kudu,18a,a,1,18a-r1,6,LL,Leaf length (cm),11,Not genotyped
18,Dawaki18,Dawakin Kudu,18a,a,1,18a-r1,6,NB,Number of branches,1,Not genotyped
18,Dawaki18,Dawakin Kudu,18a,a,1,18a-r1,6,NL,Number of leaves,79,Not genotyped
18,Dawaki18,Dawakin Kudu,18a,a,1,18a-r1,6,PH,Plant height (cm),94,Not genotyped
18,Dawaki18,Dawakin Kudu,18a,a,1,18a-r1,6,SD,Stem diameter,0.8,Not genotyped
18,Dawaki18,Dawakin Kudu,18a,a,2,18a-r2,2,LB,Leaf breadth (cm),7.3,Not genotyped
18,Dawaki18,Dawakin Kudu,18a,a,2,18a-r2,2,LL,Leaf length (cm),12,Not genotyped
18,Dawaki18,Dawakin Kudu,18a,a,2,18a-r2,2,NB,Number of branches,0,Not genotyped
18,Dawaki18,Dawakin Kudu,18a,a,2,18a-r2,2,NL,Number of leaves,36,Not genotyped
18,Dawaki18,Dawakin Kudu,18a,a,2,18a-r2,2,PH,Plant height (cm),74,Not genotyped
18,Dawaki18,Dawakin Kudu,18a,a,2,18a-r2,2,SD,Stem diameter,NA,Not genotyped
18,Dawaki18,Dawakin Kudu,18a,a,2,18a-r2,3,LB,Leaf breadth (cm),6.3,Not genotyped
18,Dawaki18,Dawakin Kudu,18a,a,2,18a-r2,3,LL,Leaf length (cm),11.2,Not genotyped
18,Dawaki18,Dawakin Kudu,18a,a,2,18a-r2,3,NB,Number of branches,0,Not genotyped
18,Dawaki18,Dawakin Kudu,18a,a,2,18a-r2,3,NL,Number of leaves,71,Not genotyped
18,Dawaki18,Dawakin Kudu,18a,a,2,18a-r2,3,PH,Plant height (cm),243,Not genotyped
18,Dawaki18,Dawakin Kudu,18a,a,2,18a-r2,3,SD,Stem diameter,3.55,Not genotyped
18,Dawaki18,Dawakin Kudu,18a,a,2,18a-r2,4,LB,Leaf breadth (cm),8.7,Not genotyped
18,Dawaki18,Dawakin Kudu,18a,a,2,18a-r2,4,LL,Leaf length (cm),12,Not genotyped
18,Dawaki18,Dawakin Kudu,18a,a,2,18a-r2,4,NB,Number of branches,0,Not genotyped
18,Dawaki18,Dawakin Kudu,18a,a,2,18a-r2,4,NL,Number of leaves,102,Not genotyped
18,Dawaki18,Dawakin Kudu,18a,a,2,18a-r2,4,PH,Plant height (cm),362,Not genotyped
18,Dawaki18,Dawakin Kudu,18a,a,2,18a-r2,4,SD,Stem diameter,3.65,Not genotyped
18,Dawaki18,Dawakin Kudu,18a,a,2,18a-r2,5,LB,Leaf breadth (cm),6,Not genotyped
18,Dawaki18,Dawakin Kudu,18a,a,2,18a-r2,5,LL,Leaf length (cm),11,Not genotyped
18,Dawaki18,Dawakin Kudu,18a,a,2,18a-r2,5,NB,Number of branches,0,Not genotyped
18,Dawaki18,Dawakin Kudu,18a,a,2,18a-r2,5,NL,Number of leaves,143,Not genotyped
18,Dawaki18,Dawakin Kudu,18a,a,2,18a-r2,5,PH,Plant height (cm),370,Not genotyped
18,Dawaki18,Dawakin Kudu,18a,a,2,18a-r2,5,SD,Stem diameter,3.65,Not genotyped
18,Dawaki18,Dawakin Kudu,18a,a,2,18a-r2,6,LB,Leaf breadth (cm),7.4,Not genotyped
18,Dawaki18,Dawakin Kudu,18a,a,2,18a-r2,6,LL,Leaf length (cm),10.5,Not genotyped
18,Dawaki18,Dawakin Kudu,18a,a,2,18a-r2,6,NB,Number of branches,0,Not genotyped
18,Dawaki18,Dawakin Kudu,18a,a,2,18a-r2,6,NL,Number of leaves,157,Not genotyped
18,Dawaki18,Dawakin Kudu,18a,a,2,18a-r2,6,PH,Plant height (cm),376,Not genotyped
18,Dawaki18,Dawakin Kudu,18a,a,2,18a-r2,6,SD,Stem diameter,3.65,Not genotyped
18,Dawaki18,Dawakin Kudu,18b,b,1,18b-r1,2,LB,Leaf breadth (cm),6.2,Not genotyped
18,Dawaki18,Dawakin Kudu,18b,b,1,18b-r1,2,LL,Leaf length (cm),9.4,Not genotyped
18,Dawaki18,Dawakin Kudu,18b,b,1,18b-r1,2,NB,Number of branches,NA,Not genotyped
18,Dawaki18,Dawakin Kudu,18b,b,1,18b-r1,2,NL,Number of leaves,15,Not genotyped
18,Dawaki18,Dawakin Kudu,18b,b,1,18b-r1,2,PH,Plant height (cm),29.4,Not genotyped
18,Dawaki18,Dawakin Kudu,18b,b,1,18b-r1,2,SD,Stem diameter,NA,Not genotyped
18,Dawaki18,Dawakin Kudu,18b,b,1,18b-r1,3,LB,Leaf breadth (cm),5.4,Not genotyped
18,Dawaki18,Dawakin Kudu,18b,b,1,18b-r1,3,LL,Leaf length (cm),9.6,Not genotyped
18,Dawaki18,Dawakin Kudu,18b,b,1,18b-r1,3,NB,Number of branches,NA,Not genotyped
18,Dawaki18,Dawakin Kudu,18b,b,1,18b-r1,3,NL,Number of leaves,29,Not genotyped
18,Dawaki18,Dawakin Kudu,18b,b,1,18b-r1,3,PH,Plant height (cm),63.3,Not genotyped
18,Dawaki18,Dawakin Kudu,18b,b,1,18b-r1,3,SD,Stem diameter,NA,Not genotyped
18,Dawaki18,Dawakin Kudu,18b,b,1,18b-r1,4,LB,Leaf breadth (cm),7.1,Not genotyped
18,Dawaki18,Dawakin Kudu,18b,b,1,18b-r1,4,LL,Leaf length (cm),12.6,Not genotyped
18,Dawaki18,Dawakin Kudu,18b,b,1,18b-r1,4,NB,Number of branches,NA,Not genotyped
18,Dawaki18,Dawakin Kudu,18b,b,1,18b-r1,4,NL,Number of leaves,41,Not genotyped
18,Dawaki18,Dawakin Kudu,18b,b,1,18b-r1,4,PH,Plant height (cm),143,Not genotyped
18,Dawaki18,Dawakin Kudu,18b,b,1,18b-r1,4,SD,Stem diameter,0.85,Not genotyped
18,Dawaki18,Dawakin Kudu,18b,b,1,18b-r1,5,LB,Leaf breadth (cm),7,Not genotyped
18,Dawaki18,Dawakin Kudu,18b,b,1,18b-r1,5,LL,Leaf length (cm),13,Not genotyped
18,Dawaki18,Dawakin Kudu,18b,b,1,18b-r1,5,NB,Number of branches,1,Not genotyped
18,Dawaki18,Dawakin Kudu,18b,b,1,18b-r1,5,NL,Number of leaves,51,Not genotyped
18,Dawaki18,Dawakin Kudu,18b,b,1,18b-r1,5,PH,Plant height (cm),210,Not genotyped
18,Dawaki18,Dawakin Kudu,18b,b,1,18b-r1,5,SD,Stem diameter,0.6,Not genotyped
18,Dawaki18,Dawakin Kudu,18b,b,1,18b-r1,6,LB,Leaf breadth (cm),7.5,Not genotyped
18,Dawaki18,Dawakin Kudu,18b,b,1,18b-r1,6,LL,Leaf length (cm),10.5,Not genotyped
18,Dawaki18,Dawakin Kudu,18b,b,1,18b-r1,6,NB,Number of branches,1,Not genotyped
18,Dawaki18,Dawakin Kudu,18b,b,1,18b-r1,6,NL,Number of leaves,68,Not genotyped
18,Dawaki18,Dawakin Kudu,18b,b,1,18b-r1,6,PH,Plant height (cm),213,Not genotyped
18,Dawaki18,Dawakin Kudu,18b,b,1,18b-r1,6,SD,Stem diameter,0.65,Not genotyped
18,Dawaki18,Dawakin Kudu,18b,b,2,18b-r2,2,LB,Leaf breadth (cm),8.2,Not genotyped
18,Dawaki18,Dawakin Kudu,18b,b,2,18b-r2,2,LL,Leaf length (cm),12.3,Not genotyped
18,Dawaki18,Dawakin Kudu,18b,b,2,18b-r2,2,NB,Number of branches,0,Not genotyped
18,Dawaki18,Dawakin Kudu,18b,b,2,18b-r2,2,NL,Number of leaves,32,Not genotyped
18,Dawaki18,Dawakin Kudu,18b,b,2,18b-r2,2,PH,Plant height (cm),180,Not genotyped
18,Dawaki18,Dawakin Kudu,18b,b,2,18b-r2,2,SD,Stem diameter,NA,Not genotyped
18,Dawaki18,Dawakin Kudu,18b,b,2,18b-r2,3,LB,Leaf breadth (cm),9,Not genotyped
18,Dawaki18,Dawakin Kudu,18b,b,2,18b-r2,3,LL,Leaf length (cm),10.8,Not genotyped
18,Dawaki18,Dawakin Kudu,18b,b,2,18b-r2,3,NB,Number of branches,2,Not genotyped
18,Dawaki18,Dawakin Kudu,18b,b,2,18b-r2,3,NL,Number of leaves,85,Not genotyped
18,Dawaki18,Dawakin Kudu,18b,b,2,18b-r2,3,PH,Plant height (cm),249,Not genotyped
18,Dawaki18,Dawakin Kudu,18b,b,2,18b-r2,3,SD,Stem diameter,3.7,Not genotyped
18,Dawaki18,Dawakin Kudu,18b,b,2,18b-r2,4,LB,Leaf breadth (cm),7.5,Not genotyped
18,Dawaki18,Dawakin Kudu,18b,b,2,18b-r2,4,LL,Leaf length (cm),13,Not genotyped
18,Dawaki18,Dawakin Kudu,18b,b,2,18b-r2,4,NB,Number of branches,2,Not genotyped
18,Dawaki18,Dawakin Kudu,18b,b,2,18b-r2,4,NL,Number of leaves,96,Not genotyped
18,Dawaki18,Dawakin Kudu,18b,b,2,18b-r2,4,PH,Plant height (cm),297,Not genotyped
18,Dawaki18,Dawakin Kudu,18b,b,2,18b-r2,4,SD,Stem diameter,3.7,Not genotyped
18,Dawaki18,Dawakin Kudu,18b,b,2,18b-r2,5,LB,Leaf breadth (cm),6.2,Not genotyped
18,Dawaki18,Dawakin Kudu,18b,b,2,18b-r2,5,LL,Leaf length (cm),11.5,Not genotyped
18,Dawaki18,Dawakin Kudu,18b,b,2,18b-r2,5,NB,Number of branches,2,Not genotyped
18,Dawaki18,Dawakin Kudu,18b,b,2,18b-r2,5,NL,Number of leaves,124,Not genotyped
18,Dawaki18,Dawakin Kudu,18b,b,2,18b-r2,5,PH,Plant height (cm),311,Not genotyped
18,Dawaki18,Dawakin Kudu,18b,b,2,18b-r2,5,SD,Stem diameter,3.8,Not genotyped
18,Dawaki18,Dawakin Kudu,18b,b,2,18b-r2,6,LB,Leaf breadth (cm),5.6,Not genotyped
18,Dawaki18,Dawakin Kudu,18b,b,2,18b-r2,6,LL,Leaf length (cm),10.4,Not genotyped
18,Dawaki18,Dawakin Kudu,18b,b,2,18b-r2,6,NB,Number of branches,2,Not genotyped
18,Dawaki18,Dawakin Kudu,18b,b,2,18b-r2,6,NL,Number of leaves,16,Not genotyped
18,Dawaki18,Dawakin Kudu,18b,b,2,18b-r2,6,PH,Plant height (cm),321,Not genotyped
18,Dawaki18,Dawakin Kudu,18b,b,2,18b-r2,6,SD,Stem diameter,3.8,Not genotyped
19,Yankaba19,Nasarawa,19a,a,1,19a-r1,2,LB,Leaf breadth (cm),7.6,Amplified
19,Yankaba19,Nasarawa,19a,a,1,19a-r1,2,LL,Leaf length (cm),14.2,Amplified
19,Yankaba19,Nasarawa,19a,a,1,19a-r1,2,NB,Number of branches,2,Amplified
19,Yankaba19,Nasarawa,19a,a,1,19a-r1,2,NL,Number of leaves,32,Amplified
19,Yankaba19,Nasarawa,19a,a,1,19a-r1,2,PH,Plant height (cm),98.6,Amplified
19,Yankaba19,Nasarawa,19a,a,1,19a-r1,2,SD,Stem diameter,NA,Amplified
19,Yankaba19,Nasarawa,19a,a,1,19a-r1,3,LB,Leaf breadth (cm),8,Amplified
19,Yankaba19,Nasarawa,19a,a,1,19a-r1,3,LL,Leaf length (cm),14.3,Amplified
19,Yankaba19,Nasarawa,19a,a,1,19a-r1,3,NB,Number of branches,4,Amplified
19,Yankaba19,Nasarawa,19a,a,1,19a-r1,3,NL,Number of leaves,53,Amplified
19,Yankaba19,Nasarawa,19a,a,1,19a-r1,3,PH,Plant height (cm),100,Amplified
19,Yankaba19,Nasarawa,19a,a,1,19a-r1,3,SD,Stem diameter,NA,Amplified
19,Yankaba19,Nasarawa,19a,a,1,19a-r1,4,LB,Leaf breadth (cm),8,Amplified
19,Yankaba19,Nasarawa,19a,a,1,19a-r1,4,LL,Leaf length (cm),14.3,Amplified
19,Yankaba19,Nasarawa,19a,a,1,19a-r1,4,NB,Number of branches,4,Amplified
19,Yankaba19,Nasarawa,19a,a,1,19a-r1,4,NL,Number of leaves,71,Amplified
19,Yankaba19,Nasarawa,19a,a,1,19a-r1,4,PH,Plant height (cm),110.2,Amplified
19,Yankaba19,Nasarawa,19a,a,1,19a-r1,4,SD,Stem diameter,0.71,Amplified
19,Yankaba19,Nasarawa,19a,a,1,19a-r1,5,LB,Leaf breadth (cm),6.4,Amplified
19,Yankaba19,Nasarawa,19a,a,1,19a-r1,5,LL,Leaf length (cm),12.2,Amplified
19,Yankaba19,Nasarawa,19a,a,1,19a-r1,5,NB,Number of branches,2,Amplified
19,Yankaba19,Nasarawa,19a,a,1,19a-r1,5,NL,Number of leaves,96,Amplified
19,Yankaba19,Nasarawa,19a,a,1,19a-r1,5,PH,Plant height (cm),102,Amplified
19,Yankaba19,Nasarawa,19a,a,1,19a-r1,5,SD,Stem diameter,0.6,Amplified
19,Yankaba19,Nasarawa,19a,a,1,19a-r1,6,LB,Leaf breadth (cm),5.3,Amplified
19,Yankaba19,Nasarawa,19a,a,1,19a-r1,6,LL,Leaf length (cm),11,Amplified
19,Yankaba19,Nasarawa,19a,a,1,19a-r1,6,NB,Number of branches,2,Amplified
19,Yankaba19,Nasarawa,19a,a,1,19a-r1,6,NL,Number of leaves,109,Amplified
19,Yankaba19,Nasarawa,19a,a,1,19a-r1,6,PH,Plant height (cm),104,Amplified
19,Yankaba19,Nasarawa,19a,a,1,19a-r1,6,SD,Stem diameter,0.65,Amplified
19,Yankaba19,Nasarawa,19a,a,2,19a-r2,2,LB,Leaf breadth (cm),5.9,Amplified
19,Yankaba19,Nasarawa,19a,a,2,19a-r2,2,LL,Leaf length (cm),11,Amplified
19,Yankaba19,Nasarawa,19a,a,2,19a-r2,2,NB,Number of branches,2,Amplified
19,Yankaba19,Nasarawa,19a,a,2,19a-r2,2,NL,Number of leaves,39,Amplified
19,Yankaba19,Nasarawa,19a,a,2,19a-r2,2,PH,Plant height (cm),151,Amplified
19,Yankaba19,Nasarawa,19a,a,2,19a-r2,2,SD,Stem diameter,NA,Amplified
19,Yankaba19,Nasarawa,19a,a,2,19a-r2,3,LB,Leaf breadth (cm),5.3,Amplified
19,Yankaba19,Nasarawa,19a,a,2,19a-r2,3,LL,Leaf length (cm),11.5,Amplified
19,Yankaba19,Nasarawa,19a,a,2,19a-r2,3,NB,Number of branches,2,Amplified
19,Yankaba19,Nasarawa,19a,a,2,19a-r2,3,NL,Number of leaves,83,Amplified
19,Yankaba19,Nasarawa,19a,a,2,19a-r2,3,PH,Plant height (cm),262.5,Amplified
19,Yankaba19,Nasarawa,19a,a,2,19a-r2,3,SD,Stem diameter,3.6,Amplified
19,Yankaba19,Nasarawa,19a,a,2,19a-r2,4,LB,Leaf breadth (cm),7,Amplified
19,Yankaba19,Nasarawa,19a,a,2,19a-r2,4,LL,Leaf length (cm),12.4,Amplified
19,Yankaba19,Nasarawa,19a,a,2,19a-r2,4,NB,Number of branches,2,Amplified
19,Yankaba19,Nasarawa,19a,a,2,19a-r2,4,NL,Number of leaves,105,Amplified
19,Yankaba19,Nasarawa,19a,a,2,19a-r2,4,PH,Plant height (cm),301,Amplified
19,Yankaba19,Nasarawa,19a,a,2,19a-r2,4,SD,Stem diameter,3.55,Amplified
19,Yankaba19,Nasarawa,19a,a,2,19a-r2,5,LB,Leaf breadth (cm),5.5,Amplified
19,Yankaba19,Nasarawa,19a,a,2,19a-r2,5,LL,Leaf length (cm),10,Amplified
19,Yankaba19,Nasarawa,19a,a,2,19a-r2,5,NB,Number of branches,2,Amplified
19,Yankaba19,Nasarawa,19a,a,2,19a-r2,5,NL,Number of leaves,191,Amplified
19,Yankaba19,Nasarawa,19a,a,2,19a-r2,5,PH,Plant height (cm),321,Amplified
19,Yankaba19,Nasarawa,19a,a,2,19a-r2,5,SD,Stem diameter,3.7,Amplified
19,Yankaba19,Nasarawa,19a,a,2,19a-r2,6,LB,Leaf breadth (cm),5.8,Amplified
19,Yankaba19,Nasarawa,19a,a,2,19a-r2,6,LL,Leaf length (cm),NA,Amplified
19,Yankaba19,Nasarawa,19a,a,2,19a-r2,6,NB,Number of branches,2,Amplified
19,Yankaba19,Nasarawa,19a,a,2,19a-r2,6,NL,Number of leaves,210,Amplified
19,Yankaba19,Nasarawa,19a,a,2,19a-r2,6,PH,Plant height (cm),337,Amplified
19,Yankaba19,Nasarawa,19a,a,2,19a-r2,6,SD,Stem diameter,3.7,Amplified
19,Yankaba19,Nasarawa,19b,b,1,19b-r1,2,LB,Leaf breadth (cm),2.5,Amplified
19,Yankaba19,Nasarawa,19b,b,1,19b-r1,2,LL,Leaf length (cm),5.4,Amplified
19,Yankaba19,Nasarawa,19b,b,1,19b-r1,2,NB,Number of branches,NA,Amplified
19,Yankaba19,Nasarawa,19b,b,1,19b-r1,2,NL,Number of leaves,14,Amplified
19,Yankaba19,Nasarawa,19b,b,1,19b-r1,2,PH,Plant height (cm),21.3,Amplified
19,Yankaba19,Nasarawa,19b,b,1,19b-r1,2,SD,Stem diameter,NA,Amplified
19,Yankaba19,Nasarawa,19b,b,1,19b-r1,3,LB,Leaf breadth (cm),4.8,Amplified
19,Yankaba19,Nasarawa,19b,b,1,19b-r1,3,LL,Leaf length (cm),10.7,Amplified
19,Yankaba19,Nasarawa,19b,b,1,19b-r1,3,NB,Number of branches,NA,Amplified
19,Yankaba19,Nasarawa,19b,b,1,19b-r1,3,NL,Number of leaves,20,Amplified
19,Yankaba19,Nasarawa,19b,b,1,19b-r1,3,PH,Plant height (cm),22,Amplified
19,Yankaba19,Nasarawa,19b,b,1,19b-r1,3,SD,Stem diameter,NA,Amplified
19,Yankaba19,Nasarawa,19b,b,1,19b-r1,4,LB,Leaf breadth (cm),7,Amplified
19,Yankaba19,Nasarawa,19b,b,1,19b-r1,4,LL,Leaf length (cm),10.7,Amplified
19,Yankaba19,Nasarawa,19b,b,1,19b-r1,4,NB,Number of branches,NA,Amplified
19,Yankaba19,Nasarawa,19b,b,1,19b-r1,4,NL,Number of leaves,26,Amplified
19,Yankaba19,Nasarawa,19b,b,1,19b-r1,4,PH,Plant height (cm),30,Amplified
19,Yankaba19,Nasarawa,19b,b,1,19b-r1,4,SD,Stem diameter,0.55,Amplified
19,Yankaba19,Nasarawa,19b,b,1,19b-r1,5,LB,Leaf breadth (cm),NA,Amplified
19,Yankaba19,Nasarawa,19b,b,1,19b-r1,5,LL,Leaf length (cm),NA,Amplified
19,Yankaba19,Nasarawa,19b,b,1,19b-r1,5,NB,Number of branches,NA,Amplified
19,Yankaba19,Nasarawa,19b,b,1,19b-r1,5,NL,Number of leaves,NA,Amplified
19,Yankaba19,Nasarawa,19b,b,1,19b-r1,5,PH,Plant height (cm),NA,Amplified
19,Yankaba19,Nasarawa,19b,b,1,19b-r1,5,SD,Stem diameter,NA,Amplified
19,Yankaba19,Nasarawa,19b,b,1,19b-r1,6,LB,Leaf breadth (cm),NA,Amplified
19,Yankaba19,Nasarawa,19b,b,1,19b-r1,6,LL,Leaf length (cm),NA,Amplified
19,Yankaba19,Nasarawa,19b,b,1,19b-r1,6,NB,Number of branches,NA,Amplified
19,Yankaba19,Nasarawa,19b,b,1,19b-r1,6,NL,Number of leaves,NA,Amplified
19,Yankaba19,Nasarawa,19b,b,1,19b-r1,6,PH,Plant height (cm),NA,Amplified
19,Yankaba19,Nasarawa,19b,b,1,19b-r1,6,SD,Stem diameter,NA,Amplified
19,Yankaba19,Nasarawa,19b,b,2,19b-r2,2,LB,Leaf breadth (cm),6.5,Amplified
19,Yankaba19,Nasarawa,19b,b,2,19b-r2,2,LL,Leaf length (cm),10.4,Amplified
19,Yankaba19,Nasarawa,19b,b,2,19b-r2,2,NB,Number of branches,0,Amplified
19,Yankaba19,Nasarawa,19b,b,2,19b-r2,2,NL,Number of leaves,23,Amplified
19,Yankaba19,Nasarawa,19b,b,2,19b-r2,2,PH,Plant height (cm),48,Amplified
19,Yankaba19,Nasarawa,19b,b,2,19b-r2,2,SD,Stem diameter,NA,Amplified
19,Yankaba19,Nasarawa,19b,b,2,19b-r2,3,LB,Leaf breadth (cm),7.1,Amplified
19,Yankaba19,Nasarawa,19b,b,2,19b-r2,3,LL,Leaf length (cm),11.3,Amplified
19,Yankaba19,Nasarawa,19b,b,2,19b-r2,3,NB,Number of branches,2,Amplified
19,Yankaba19,Nasarawa,19b,b,2,19b-r2,3,NL,Number of leaves,47,Amplified
19,Yankaba19,Nasarawa,19b,b,2,19b-r2,3,PH,Plant height (cm),150,Amplified
19,Yankaba19,Nasarawa,19b,b,2,19b-r2,3,SD,Stem diameter,3.6,Amplified
19,Yankaba19,Nasarawa,19b,b,2,19b-r2,4,LB,Leaf breadth (cm),6.2,Amplified
19,Yankaba19,Nasarawa,19b,b,2,19b-r2,4,LL,Leaf length (cm),10.3,Amplified
19,Yankaba19,Nasarawa,19b,b,2,19b-r2,4,NB,Number of branches,2,Amplified
19,Yankaba19,Nasarawa,19b,b,2,19b-r2,4,NL,Number of leaves,78,Amplified
19,Yankaba19,Nasarawa,19b,b,2,19b-r2,4,PH,Plant height (cm),310,Amplified
19,Yankaba19,Nasarawa,19b,b,2,19b-r2,4,SD,Stem diameter,3.7,Amplified
19,Yankaba19,Nasarawa,19b,b,2,19b-r2,5,LB,Leaf breadth (cm),7,Amplified
19,Yankaba19,Nasarawa,19b,b,2,19b-r2,5,LL,Leaf length (cm),10,Amplified
19,Yankaba19,Nasarawa,19b,b,2,19b-r2,5,NB,Number of branches,4,Amplified
19,Yankaba19,Nasarawa,19b,b,2,19b-r2,5,NL,Number of leaves,106,Amplified
19,Yankaba19,Nasarawa,19b,b,2,19b-r2,5,PH,Plant height (cm),333,Amplified
19,Yankaba19,Nasarawa,19b,b,2,19b-r2,5,SD,Stem diameter,3.7,Amplified
19,Yankaba19,Nasarawa,19b,b,2,19b-r2,6,LB,Leaf breadth (cm),7.4,Amplified
19,Yankaba19,Nasarawa,19b,b,2,19b-r2,6,LL,Leaf length (cm),9.5,Amplified
19,Yankaba19,Nasarawa,19b,b,2,19b-r2,6,NB,Number of branches,4,Amplified
19,Yankaba19,Nasarawa,19b,b,2,19b-r2,6,NL,Number of leaves,117,Amplified
19,Yankaba19,Nasarawa,19b,b,2,19b-r2,6,PH,Plant height (cm),350,Amplified
19,Yankaba19,Nasarawa,19b,b,2,19b-r2,6,SD,Stem diameter,3.7,Amplified
20,Sabuwar20,Nasarawa,20a,a,1,20a-r1,2,LB,Leaf breadth (cm),5,Not genotyped
20,Sabuwar20,Nasarawa,20a,a,1,20a-r1,2,LL,Leaf length (cm),8.6,Not genotyped
20,Sabuwar20,Nasarawa,20a,a,1,20a-r1,2,NB,Number of branches,NA,Not genotyped
20,Sabuwar20,Nasarawa,20a,a,1,20a-r1,2,NL,Number of leaves,26,Not genotyped
20,Sabuwar20,Nasarawa,20a,a,1,20a-r1,2,PH,Plant height (cm),22.2,Not genotyped
20,Sabuwar20,Nasarawa,20a,a,1,20a-r1,2,SD,Stem diameter,NA,Not genotyped
20,Sabuwar20,Nasarawa,20a,a,1,20a-r1,3,LB,Leaf breadth (cm),6.4,Not genotyped
20,Sabuwar20,Nasarawa,20a,a,1,20a-r1,3,LL,Leaf length (cm),9.7,Not genotyped
20,Sabuwar20,Nasarawa,20a,a,1,20a-r1,3,NB,Number of branches,1,Not genotyped
20,Sabuwar20,Nasarawa,20a,a,1,20a-r1,3,NL,Number of leaves,32,Not genotyped
20,Sabuwar20,Nasarawa,20a,a,1,20a-r1,3,PH,Plant height (cm),27,Not genotyped
20,Sabuwar20,Nasarawa,20a,a,1,20a-r1,3,SD,Stem diameter,NA,Not genotyped
20,Sabuwar20,Nasarawa,20a,a,1,20a-r1,4,LB,Leaf breadth (cm),6.4,Not genotyped
20,Sabuwar20,Nasarawa,20a,a,1,20a-r1,4,LL,Leaf length (cm),10,Not genotyped
20,Sabuwar20,Nasarawa,20a,a,1,20a-r1,4,NB,Number of branches,2,Not genotyped
20,Sabuwar20,Nasarawa,20a,a,1,20a-r1,4,NL,Number of leaves,40,Not genotyped
20,Sabuwar20,Nasarawa,20a,a,1,20a-r1,4,PH,Plant height (cm),29.3,Not genotyped
20,Sabuwar20,Nasarawa,20a,a,1,20a-r1,4,SD,Stem diameter,0.5,Not genotyped
20,Sabuwar20,Nasarawa,20a,a,1,20a-r1,5,LB,Leaf breadth (cm),5.5,Not genotyped
20,Sabuwar20,Nasarawa,20a,a,1,20a-r1,5,LL,Leaf length (cm),9.1,Not genotyped
20,Sabuwar20,Nasarawa,20a,a,1,20a-r1,5,NB,Number of branches,2,Not genotyped
20,Sabuwar20,Nasarawa,20a,a,1,20a-r1,5,NL,Number of leaves,35,Not genotyped
20,Sabuwar20,Nasarawa,20a,a,1,20a-r1,5,PH,Plant height (cm),32,Not genotyped
20,Sabuwar20,Nasarawa,20a,a,1,20a-r1,5,SD,Stem diameter,0.55,Not genotyped
20,Sabuwar20,Nasarawa,20a,a,1,20a-r1,6,LB,Leaf breadth (cm),6.1,Not genotyped
20,Sabuwar20,Nasarawa,20a,a,1,20a-r1,6,LL,Leaf length (cm),7.4,Not genotyped
20,Sabuwar20,Nasarawa,20a,a,1,20a-r1,6,NB,Number of branches,3,Not genotyped
20,Sabuwar20,Nasarawa,20a,a,1,20a-r1,6,NL,Number of leaves,58,Not genotyped
20,Sabuwar20,Nasarawa,20a,a,1,20a-r1,6,PH,Plant height (cm),36,Not genotyped
20,Sabuwar20,Nasarawa,20a,a,1,20a-r1,6,SD,Stem diameter,0.58,Not genotyped
20,Sabuwar20,Nasarawa,20a,a,2,20a-r2,2,LB,Leaf breadth (cm),7.5,Not genotyped
20,Sabuwar20,Nasarawa,20a,a,2,20a-r2,2,LL,Leaf length (cm),10.3,Not genotyped
20,Sabuwar20,Nasarawa,20a,a,2,20a-r2,2,NB,Number of branches,0,Not genotyped
20,Sabuwar20,Nasarawa,20a,a,2,20a-r2,2,NL,Number of leaves,46,Not genotyped
20,Sabuwar20,Nasarawa,20a,a,2,20a-r2,2,PH,Plant height (cm),96,Not genotyped
20,Sabuwar20,Nasarawa,20a,a,2,20a-r2,2,SD,Stem diameter,NA,Not genotyped
20,Sabuwar20,Nasarawa,20a,a,2,20a-r2,3,LB,Leaf breadth (cm),8.4,Not genotyped
20,Sabuwar20,Nasarawa,20a,a,2,20a-r2,3,LL,Leaf length (cm),13.5,Not genotyped
20,Sabuwar20,Nasarawa,20a,a,2,20a-r2,3,NB,Number of branches,0,Not genotyped
20,Sabuwar20,Nasarawa,20a,a,2,20a-r2,3,NL,Number of leaves,150,Not genotyped
20,Sabuwar20,Nasarawa,20a,a,2,20a-r2,3,PH,Plant height (cm),270,Not genotyped
20,Sabuwar20,Nasarawa,20a,a,2,20a-r2,3,SD,Stem diameter,3.8,Not genotyped
20,Sabuwar20,Nasarawa,20a,a,2,20a-r2,4,LB,Leaf breadth (cm),7.7,Not genotyped
20,Sabuwar20,Nasarawa,20a,a,2,20a-r2,4,LL,Leaf length (cm),11.5,Not genotyped
20,Sabuwar20,Nasarawa,20a,a,2,20a-r2,4,NB,Number of branches,1,Not genotyped
20,Sabuwar20,Nasarawa,20a,a,2,20a-r2,4,NL,Number of leaves,162,Not genotyped
20,Sabuwar20,Nasarawa,20a,a,2,20a-r2,4,PH,Plant height (cm),360,Not genotyped
20,Sabuwar20,Nasarawa,20a,a,2,20a-r2,4,SD,Stem diameter,3.8,Not genotyped
20,Sabuwar20,Nasarawa,20a,a,2,20a-r2,5,LB,Leaf breadth (cm),7.2,Not genotyped
20,Sabuwar20,Nasarawa,20a,a,2,20a-r2,5,LL,Leaf length (cm),11.7,Not genotyped
20,Sabuwar20,Nasarawa,20a,a,2,20a-r2,5,NB,Number of branches,1,Not genotyped
20,Sabuwar20,Nasarawa,20a,a,2,20a-r2,5,NL,Number of leaves,209,Not genotyped
20,Sabuwar20,Nasarawa,20a,a,2,20a-r2,5,PH,Plant height (cm),360,Not genotyped
20,Sabuwar20,Nasarawa,20a,a,2,20a-r2,5,SD,Stem diameter,3.8,Not genotyped
20,Sabuwar20,Nasarawa,20a,a,2,20a-r2,6,LB,Leaf breadth (cm),6.8,Not genotyped
20,Sabuwar20,Nasarawa,20a,a,2,20a-r2,6,LL,Leaf length (cm),12,Not genotyped
20,Sabuwar20,Nasarawa,20a,a,2,20a-r2,6,NB,Number of branches,1,Not genotyped
20,Sabuwar20,Nasarawa,20a,a,2,20a-r2,6,NL,Number of leaves,230,Not genotyped
20,Sabuwar20,Nasarawa,20a,a,2,20a-r2,6,PH,Plant height (cm),360,Not genotyped
20,Sabuwar20,Nasarawa,20a,a,2,20a-r2,6,SD,Stem diameter,3.8,Not genotyped
20,Sabuwar20,Nasarawa,20b,b,1,20b-r1,2,LB,Leaf breadth (cm),4.2,Not genotyped
20,Sabuwar20,Nasarawa,20b,b,1,20b-r1,2,LL,Leaf length (cm),8.3,Not genotyped
20,Sabuwar20,Nasarawa,20b,b,1,20b-r1,2,NB,Number of branches,NA,Not genotyped
20,Sabuwar20,Nasarawa,20b,b,1,20b-r1,2,NL,Number of leaves,20,Not genotyped
20,Sabuwar20,Nasarawa,20b,b,1,20b-r1,2,PH,Plant height (cm),28.1,Not genotyped
20,Sabuwar20,Nasarawa,20b,b,1,20b-r1,2,SD,Stem diameter,NA,Not genotyped
20,Sabuwar20,Nasarawa,20b,b,1,20b-r1,3,LB,Leaf breadth (cm),3.6,Not genotyped
20,Sabuwar20,Nasarawa,20b,b,1,20b-r1,3,LL,Leaf length (cm),8.3,Not genotyped
20,Sabuwar20,Nasarawa,20b,b,1,20b-r1,3,NB,Number of branches,1,Not genotyped
20,Sabuwar20,Nasarawa,20b,b,1,20b-r1,3,NL,Number of leaves,29,Not genotyped
20,Sabuwar20,Nasarawa,20b,b,1,20b-r1,3,PH,Plant height (cm),28.6,Not genotyped
20,Sabuwar20,Nasarawa,20b,b,1,20b-r1,3,SD,Stem diameter,NA,Not genotyped
20,Sabuwar20,Nasarawa,20b,b,1,20b-r1,4,LB,Leaf breadth (cm),7.1,Not genotyped
20,Sabuwar20,Nasarawa,20b,b,1,20b-r1,4,LL,Leaf length (cm),10.7,Not genotyped
20,Sabuwar20,Nasarawa,20b,b,1,20b-r1,4,NB,Number of branches,1,Not genotyped
20,Sabuwar20,Nasarawa,20b,b,1,20b-r1,4,NL,Number of leaves,29,Not genotyped
20,Sabuwar20,Nasarawa,20b,b,1,20b-r1,4,PH,Plant height (cm),29.1,Not genotyped
20,Sabuwar20,Nasarawa,20b,b,1,20b-r1,4,SD,Stem diameter,0.4,Not genotyped
20,Sabuwar20,Nasarawa,20b,b,1,20b-r1,5,LB,Leaf breadth (cm),7,Not genotyped
20,Sabuwar20,Nasarawa,20b,b,1,20b-r1,5,LL,Leaf length (cm),8.2,Not genotyped
20,Sabuwar20,Nasarawa,20b,b,1,20b-r1,5,NB,Number of branches,1,Not genotyped
20,Sabuwar20,Nasarawa,20b,b,1,20b-r1,5,NL,Number of leaves,10,Not genotyped
20,Sabuwar20,Nasarawa,20b,b,1,20b-r1,5,PH,Plant height (cm),27,Not genotyped
20,Sabuwar20,Nasarawa,20b,b,1,20b-r1,5,SD,Stem diameter,0.5,Not genotyped
20,Sabuwar20,Nasarawa,20b,b,1,20b-r1,6,LB,Leaf breadth (cm),6.5,Not genotyped
20,Sabuwar20,Nasarawa,20b,b,1,20b-r1,6,LL,Leaf length (cm),6.1,Not genotyped
20,Sabuwar20,Nasarawa,20b,b,1,20b-r1,6,NB,Number of branches,1,Not genotyped
20,Sabuwar20,Nasarawa,20b,b,1,20b-r1,6,NL,Number of leaves,25,Not genotyped
20,Sabuwar20,Nasarawa,20b,b,1,20b-r1,6,PH,Plant height (cm),29,Not genotyped
20,Sabuwar20,Nasarawa,20b,b,1,20b-r1,6,SD,Stem diameter,0.53,Not genotyped
20,Sabuwar20,Nasarawa,20b,b,2,20b-r2,2,LB,Leaf breadth (cm),3.3,Not genotyped
20,Sabuwar20,Nasarawa,20b,b,2,20b-r2,2,LL,Leaf length (cm),5.2,Not genotyped
20,Sabuwar20,Nasarawa,20b,b,2,20b-r2,2,NB,Number of branches,0,Not genotyped
20,Sabuwar20,Nasarawa,20b,b,2,20b-r2,2,NL,Number of leaves,9,Not genotyped
20,Sabuwar20,Nasarawa,20b,b,2,20b-r2,2,PH,Plant height (cm),15,Not genotyped
20,Sabuwar20,Nasarawa,20b,b,2,20b-r2,2,SD,Stem diameter,NA,Not genotyped
20,Sabuwar20,Nasarawa,20b,b,2,20b-r2,3,LB,Leaf breadth (cm),4.2,Not genotyped
20,Sabuwar20,Nasarawa,20b,b,2,20b-r2,3,LL,Leaf length (cm),8,Not genotyped
20,Sabuwar20,Nasarawa,20b,b,2,20b-r2,3,NB,Number of branches,0,Not genotyped
20,Sabuwar20,Nasarawa,20b,b,2,20b-r2,3,NL,Number of leaves,15,Not genotyped
20,Sabuwar20,Nasarawa,20b,b,2,20b-r2,3,PH,Plant height (cm),23.5,Not genotyped
20,Sabuwar20,Nasarawa,20b,b,2,20b-r2,3,SD,Stem diameter,3.4,Not genotyped
20,Sabuwar20,Nasarawa,20b,b,2,20b-r2,4,LB,Leaf breadth (cm),5.2,Not genotyped
20,Sabuwar20,Nasarawa,20b,b,2,20b-r2,4,LL,Leaf length (cm),10,Not genotyped
20,Sabuwar20,Nasarawa,20b,b,2,20b-r2,4,NB,Number of branches,0,Not genotyped
20,Sabuwar20,Nasarawa,20b,b,2,20b-r2,4,NL,Number of leaves,21,Not genotyped
20,Sabuwar20,Nasarawa,20b,b,2,20b-r2,4,PH,Plant height (cm),74.5,Not genotyped
20,Sabuwar20,Nasarawa,20b,b,2,20b-r2,4,SD,Stem diameter,3.45,Not genotyped
20,Sabuwar20,Nasarawa,20b,b,2,20b-r2,5,LB,Leaf breadth (cm),7.5,Not genotyped
20,Sabuwar20,Nasarawa,20b,b,2,20b-r2,5,LL,Leaf length (cm),13,Not genotyped
20,Sabuwar20,Nasarawa,20b,b,2,20b-r2,5,NB,Number of branches,2,Not genotyped
20,Sabuwar20,Nasarawa,20b,b,2,20b-r2,5,NL,Number of leaves,54,Not genotyped
20,Sabuwar20,Nasarawa,20b,b,2,20b-r2,5,PH,Plant height (cm),84,Not genotyped
20,Sabuwar20,Nasarawa,20b,b,2,20b-r2,5,SD,Stem diameter,3.5,Not genotyped
20,Sabuwar20,Nasarawa,20b,b,2,20b-r2,6,LB,Leaf breadth (cm),7.7,Not genotyped
20,Sabuwar20,Nasarawa,20b,b,2,20b-r2,6,LL,Leaf length (cm),13.7,Not genotyped
20,Sabuwar20,Nasarawa,20b,b,2,20b-r2,6,NB,Number of branches,2,Not genotyped
20,Sabuwar20,Nasarawa,20b,b,2,20b-r2,6,NL,Number of leaves,59,Not genotyped
20,Sabuwar20,Nasarawa,20b,b,2,20b-r2,6,PH,Plant height (cm),91.8,Not genotyped
20,Sabuwar20,Nasarawa,20b,b,2,20b-r2,6,SD,Stem diameter,3.5,Not genotyped
